claim_id,claim,scope_or_assumptions,proof_or_argument,implementation_or_test,raw_evidence,summary_surface,maturity,fresh_recheck
C01,The planner computes the exact maximal compatibility frontier,Finite Boolean manifest and monotone one-role O-B-N steps,proofs/finite_model.md Theorem 1,gateroll/planner.py; tests/test_model.py,results/raw/tiny_exhaustive.json,results/summary/semantic_summary.json,proved relative to definitions,passed
C02,An admitted certificate supplies a shortest one-role schedule inside the exact frontier,Finite manifest and unit-cost mode advances,proofs/finite_model.md Theorems 2 and 4,gateroll/checker.py; tests/test_model.py,results/raw/finite/case_decisions.csv; results/raw/finite/finite_summary.json,results/summary/offline_costs.csv,proved and executable-checked,passed
C03,A blocked certificate carries a minimum-cardinality declared-defect witness,Only subsets of the manifest's declared false-atom universe,proofs/finite_model.md Theorem 3,gateroll/planner.py; gateroll/checker.py; tests/test_model.py,results/raw/finite/case_decisions.csv; results/raw/finite/finite_summary.json,results/summary/semantic_summary.json,proved relative to defect universe,passed
C04,Planner checker and third oracle agree on every generated case,12000 deterministic controlled cases,gateroll/checker.py separation documented in proofs/checker_structure.md,tests/test_corpus.py; tests/test_evidence.py,results/raw/finite/case_decisions.csv; results/raw/finite/finite_summary.json,results/summary/semantic_summary.json,executed,passed
C05,The independent checker rejects every tested certificate corruption,Four mutation classes for each of 24 representative certificates,proofs/checker_structure.md,gateroll/evaluate.py; tests/test_evidence.py,results/raw/finite/certificate_mutations.json,results/summary/semantic_summary.json,executed 96 of 96,passed
C06,Every retained manifest dimension prevents at least one false admission in the generated corpus,Controlled distribution only and not production prevalence,proofs/counterexamples.md,gateroll/evaluate.py; tests/test_evidence.py,results/raw/finite/finite_summary.json,results/summary/dimension_ablations.csv,executed,passed
C07,The end-to-end matrix contains 40 scenarios 240 strategy runs and 8640 transactions,Four topologies ten faults six strategies 36 records per run,proofs/runtime_refinement.md,gateroll/campaigns.py; scripts/run_campaign_matrix.py; tests/test_evidence.py,results/raw/campaigns/campaign_runs.csv; results/raw/campaigns/campaign_transactions.csv,results/summary/runtime_strategies.csv,executed,passed
C08,Certified execution has zero observed semantic violations and completes 16 of 16 expected cutovers,Local controlled harness and stated runtime assumptions,proofs/runtime_refinement.md,gateroll/campaigns.py; tests/test_evidence.py,results/raw/campaigns/campaign_summary.json; results/raw/campaigns/execution_events.jsonl,results/summary/runtime_strategies.csv,executed bounded evidence,passed
C09,Certified execution preserves all measured unaffected authorized traffic,Forty small local campaigns and availability as a transaction fraction,proofs/runtime_refinement.md,gateroll/campaigns.py; tests/test_evidence.py,results/raw/campaigns/campaign_transactions.csv,results/summary/runtime_strategies.csv,executed bounded evidence,passed
C10,Each comparison strategy exposes at least one semantic counterexample,Explicit information projections and simple strategies rather than product implementations,proofs/counterexamples.md,tests/test_evidence.py,results/raw/campaigns/campaign_runs.csv; results/raw/campaigns/campaign_transactions.csv,results/summary/runtime_strategies.csv,executed negative controls,passed
C11,Four pre-cutover inconsistency classes are detected by executable boundaries,Live inventory checker certificate checker and actual migration cardinality,proofs/runtime_refinement.md,gateroll/campaigns.py; tests/test_runtime_preflight.py,results/raw/campaigns/certified_journals.jsonl; results/raw/campaigns/campaign_runs.csv,results/summary/certified_fault_outcomes.csv,executed,passed
C12,Offline planning checking and certificate costs are bounded for the sampled finite cases,1200 local samples and environment-specific timing,none,gateroll/evaluate.py,results/raw/finite/finite_summary.json,results/summary/offline_costs.csv,executed descriptive measurement,passed
C13,The complete two-service eight-atom fragment has three-way agreement on every assignment,All 256 Boolean assignments,proofs/finite_model.md; proofs/checker_structure.md,gateroll/tiny_exhaustive.py; tests/test_model.py,results/raw/tiny_exhaustive.json,results/summary/semantic_summary.json,complete enumeration,passed
C14,One command regenerates all claim-critical evidence and matches the frozen semantic projection,Four workers local standard-library execution and timing excluded from semantic equality,proofs/checker_structure.md,reproduce.py; scripts/verify_results.py; scripts/run_tests.py,results/summary/reproduction_summary.json; results/summary/verification_report.json,results/summary/resource_observation.json,clean reproduction complete,passed
AUDIT-META-2026,"A planner-independent semantic audit exhausts all 16,384 assignments in the complete 14-atom two-service model and checks 768 seeded 3--8-service topologies with zero recorded discrepancies.",Frozen finite O/B/N manifest semantics only; not executable-program equivalence.,,,audit/metamorphic_model_audit.py; results/independent-audits/metamorphic-model-audit.json; audit/independent-semantic-audit-summary.json,,,
