resource,url,license,access_date,resource_type,acquisition_method,integration_mode,supported_claim,internals_modified
Envoy Rate Limit public interface vocabulary,https://github.com/envoyproxy/data-plane-api/blob/main/envoy/service/ratelimit/v3/rls.proto,Apache-2.0,2026-09-11,public interface specification,read-only public source; exact normalized vocabulary retained in inputs/schema_families.json,operation and field names only; no upstream code executed,vocabulary diversity of eight interface families,no
etcd KV public interface vocabulary,https://github.com/etcd-io/etcd/blob/main/api/etcdserverpb/rpc.proto,Apache-2.0,2026-09-11,public interface specification,read-only public source; exact normalized vocabulary retained in inputs/schema_families.json,operation and field names only; no upstream code executed,vocabulary diversity of eight interface families,no
etcd Lease public interface vocabulary,https://github.com/etcd-io/etcd/blob/main/api/etcdserverpb/rpc.proto,Apache-2.0,2026-09-11,public interface specification,read-only public source; exact normalized vocabulary retained in inputs/schema_families.json,operation and field names only; no upstream code executed,vocabulary diversity of eight interface families,no
Google Pub/Sub public interface vocabulary,https://github.com/googleapis/googleapis/blob/master/google/pubsub/v1/pubsub.proto,Apache-2.0,2026-09-11,public interface specification,read-only public source; exact normalized vocabulary retained in inputs/schema_families.json,operation and field names only; no upstream code executed,vocabulary diversity of eight interface families,no
gRPC Health public interface vocabulary,https://github.com/grpc/grpc-proto/blob/master/grpc/health/v1/health.proto,Apache-2.0,2026-09-11,public interface specification,read-only public source; exact normalized vocabulary retained in inputs/schema_families.json,operation and field names only; no upstream code executed,vocabulary diversity of eight interface families,no
gRPC Route Guide public interface vocabulary,https://github.com/grpc/grpc/blob/master/examples/protos/route_guide.proto,Apache-2.0,2026-09-11,public interface specification,read-only public source; exact normalized vocabulary retained in inputs/schema_families.json,operation and field names only; no upstream code executed,vocabulary diversity of eight interface families,no
Kubernetes Lease public interface vocabulary,https://github.com/kubernetes/api/blob/master/coordination/v1/types.go,Apache-2.0,2026-09-11,public interface specification,read-only public source; exact normalized vocabulary retained in inputs/schema_families.json,operation and field names only; no upstream code executed,vocabulary diversity of eight interface families,no
OpenTelemetry Logs public interface vocabulary,https://github.com/open-telemetry/opentelemetry-proto/blob/main/opentelemetry/proto/collector/logs/v1/logs_service.proto,Apache-2.0,2026-09-11,public interface specification,read-only public source; exact normalized vocabulary retained in inputs/schema_families.json,operation and field names only; no upstream code executed,vocabulary diversity of eight interface families,no
OpenTelemetry Logs payload-schema vocabulary,https://github.com/open-telemetry/opentelemetry-proto/blob/main/opentelemetry/proto/logs/v1/logs.proto,Apache-2.0,2026-09-11,public interface specification,read-only public source; imported field vocabulary retained in inputs/schema_families.json,field names only; no upstream code executed,vocabulary diversity of eight interface families,no
Scheduling and Simulation: How to Upgrade Distributed Systems,https://www.usenix.org/conference/hotos-ix/scheduling-and-simulation-how-upgrade-distributed-systems,not redistributed,2026-09-11,scholarly publication,read-only scholarly or official record; metadata and claim-relevant scope verified,citation and literature calibration only,establishes scheduling and simulation as explicit obligations for distributed upgrade,not applicable
Modular Software Upgrades for Distributed Systems,https://doi.org/10.1007/11785477_26,not redistributed,2026-09-11,scholarly publication,read-only scholarly or official record; metadata and claim-relevant scope verified,citation and literature calibration only,closest foundation for modular replacement under distributed-state constraints,not applicable
Correlated Crash Vulnerabilities,https://www.usenix.org/conference/osdi16/technical-sessions/presentation/alagappan,not redistributed,2026-09-11,scholarly publication,read-only scholarly or official record; metadata and claim-relevant scope verified,citation and literature calibration only,motivates coupled crash cases rather than assuming independent failures,not applicable
OPUS: Online Patches and Updates for Security,https://www.usenix.org/conference/14th-usenix-security-symposium/opus-online-patches-and-updates-security,not redistributed,2026-09-11,scholarly publication,read-only scholarly or official record; metadata and claim-relevant scope verified,citation and literature calibration only,online patching precedent; GATEROLL does not synthesize code patches,not applicable
Lineage-Driven Fault Injection,https://doi.org/10.1145/2723372.2723711,not redistributed,2026-09-11,scholarly publication,read-only scholarly or official record; metadata and claim-relevant scope verified,citation and literature calibration only,minimal causal fault search complements but does not replace pre-admission checking,not applicable
NetKAT: Semantic Foundations for Networks,https://doi.org/10.1145/2535838.2535862,not redistributed,2026-09-11,scholarly publication,read-only scholarly or official record; metadata and claim-relevant scope verified,citation and literature calibration only,semantic network-program foundation for whole-path reasoning,not applicable
Ksplice: Automatic Rebootless Kernel Updates,https://doi.org/10.1145/1519065.1519085,not redistributed,2026-09-11,scholarly publication,read-only scholarly or official record; metadata and claim-relevant scope verified,citation and literature calibration only,kernel live-update mechanism precedent outside service-graph scheduling,not applicable
Providing Dynamic Update in an Operating System,https://www.usenix.org/legacy/event/usenix05/tech/general/baumann.html,not redistributed,2026-09-11,scholarly publication,read-only scholarly or official record; metadata and claim-relevant scope verified,citation and literature calibration only,operating-system dynamic update demonstrates explicit update-state machinery,not applicable
Reboots Are for Hardware: Challenges and Solutions to Updating an Operating System on the Fly,https://www.usenix.org/legacy/event/usenix07/tech/full_papers/baumann/baumann_html/,not redistributed,2026-09-11,scholarly publication,read-only scholarly or official record; metadata and claim-relevant scope verified,citation and literature calibration only,clarifies practical live-update boundaries and recovery challenges,not applicable
Implementing Remote Procedure Calls,https://doi.org/10.1145/2080.357392,not redistributed,2026-09-11,scholarly publication,read-only scholarly or official record; metadata and claim-relevant scope verified,citation and literature calibration only,foundational separation between remote invocation and local procedure semantics,not applicable
On Communicating Finite-State Machines,https://doi.org/10.1145/322374.322380,not redistributed,2026-09-11,scholarly publication,read-only scholarly or official record; metadata and claim-relevant scope verified,citation and literature calibration only,global protocol errors can emerge from locally described state machines,not applicable
A Distributed and Robust SDN Control Plane for Transactional Network Updates,https://doi.org/10.1109/INFOCOM.2015.7218382,not redistributed,2026-09-11,scholarly publication,read-only scholarly or official record; metadata and claim-relevant scope verified,citation and literature calibration only,transactional network updates calibrate robust multi-step control-plane execution,not applicable
Consistent Updates for Scalable Microservices,https://doi.org/10.1145/3776700,not redistributed,2026-09-11,scholarly publication,read-only scholarly or official record; metadata and claim-relevant scope verified,citation and literature calibration only,strongest semantic neighbor; richer mixed-version program reasoning than our Boolean fragment,not applicable
Argosy: Verifying Layered Storage Systems with Recovery Refinement,https://doi.org/10.1145/3314221.3314585,not redistributed,2026-09-11,scholarly publication,read-only scholarly or official record; metadata and claim-relevant scope verified,citation and literature calibration only,recovery refinement calibrates stronger persistence proof obligations,not applicable
"Verifying Concurrent, Crash-Safe Systems with Perennial",https://doi.org/10.1145/3341301.3359632,not redistributed,2026-09-11,scholarly publication,read-only scholarly or official record; metadata and claim-relevant scope verified,citation and literature calibration only,concurrent crash-safety proof machinery exceeds this conditional runtime argument,not applicable
Using Crash Hoare Logic for Certifying the FSCQ File System,https://doi.org/10.1145/2815400.2815402,not redistributed,2026-09-11,scholarly publication,read-only scholarly or official record; metadata and claim-relevant scope verified,citation and literature calibration only,Crash Hoare Logic calibrates end-to-end persistent-system verification,not applicable
Interface Automata,https://doi.org/10.1145/503209.503226,not redistributed,2026-09-11,scholarly publication,read-only scholarly or official record; metadata and claim-relevant scope verified,citation and literature calibration only,assumption-guarantee compatibility foundation for component interfaces,not applicable
Interface Theories for Component-Based Design,https://doi.org/10.1007/3-540-45449-7_11,not redistributed,2026-09-11,scholarly publication,read-only scholarly or official record; metadata and claim-relevant scope verified,citation and literature calibration only,compositional interface-theory foundation for richer manifest front ends,not applicable
Multiparty Compatibility in Communicating Automata: Characterisation and Synthesis of Global Session Types,https://doi.org/10.1007/978-3-642-39212-2_18,not redistributed,2026-09-11,scholarly publication,read-only scholarly or official record; metadata and claim-relevant scope verified,citation and literature calibration only,multiparty compatibility can discharge protocol atoms more precisely,not applicable
Survey of Consistent Software-Defined Network Updates,https://doi.org/10.1109/COMST.2018.2876749,not redistributed,2026-09-11,scholarly publication,read-only scholarly or official record; metadata and claim-relevant scope verified,citation and literature calibration only,organizes network-update consistency models and planner tradeoffs,not applicable
Safe and Automatic Live Update for Operating Systems,https://doi.org/10.1145/2451116.2451147,not redistributed,2026-09-11,scholarly publication,read-only scholarly or official record; metadata and claim-relevant scope verified,citation and literature calibration only,"automatic operating-system update is a mechanism precedent, not graph admission",not applicable
FATE and DESTINI: A Framework for Cloud Recovery Testing,https://www.usenix.org/conference/nsdi11/fate-and-destini-framework-cloud-recovery-testing,not redistributed,2026-09-11,scholarly publication,read-only scholarly or official record; metadata and claim-relevant scope verified,citation and literature calibration only,recovery-testing framework motivates named replayable fault classes,not applicable
UpFuzz: Detecting Data Format Incompatibility Bugs during Distributed Storage System Upgrade,https://www.usenix.org/conference/nsdi26/presentation/han,not redistributed,2026-09-11,scholarly publication,read-only scholarly or official record; metadata and claim-relevant scope verified,citation and literature calibration only,upgrade-format bug discovery can supply evidence for migration atoms,not applicable
Storage Systems Are Distributed Systems (So Verify Them That Way!),https://www.usenix.org/conference/osdi20/presentation/hance,not redistributed,2026-09-11,scholarly publication,read-only scholarly or official record; metadata and claim-relevant scope verified,citation and literature calibration only,calibrates stronger distributed treatment of storage behavior,not applicable
IronFleet: Proving Practical Distributed Systems Correct,https://doi.org/10.1145/2815400.2815428,not redistributed,2026-09-11,scholarly publication,read-only scholarly or official record; metadata and claim-relevant scope verified,citation and literature calibration only,field-defining proof-to-executable-system benchmark for claim restraint,not applicable
"Kitsune: Efficient, General-Purpose Dynamic Software Updating for C",https://doi.org/10.1145/2384616.2384635,not redistributed,2026-09-11,scholarly publication,read-only scholarly or official record; metadata and claim-relevant scope verified,citation and literature calibration only,practical C state transformation precedent with different granularity,not applicable
Luci: Loader-based Dynamic Software Updates for Off-the-shelf Shared Objects,https://www.usenix.org/conference/atc23/presentation/heinloth,not redistributed,2026-09-11,scholarly publication,read-only scholarly or official record; metadata and claim-relevant scope verified,citation and literature calibration only,loader-based replacement shows modern low-level update mechanism design,not applicable
Dynamic Software Updating,https://doi.org/10.1145/1108970.1108971,not redistributed,2026-09-11,scholarly publication,read-only scholarly or official record; metadata and claim-relevant scope verified,citation and literature calibration only,formal DSU update points and state transformers define mechanism lineage,not applicable
Multiparty Asynchronous Session Types,https://doi.org/10.1145/1328438.1328472,not redistributed,2026-09-11,scholarly publication,read-only scholarly or official record; metadata and claim-relevant scope verified,citation and literature calibration only,global session typing captures protocol structure omitted by endpoint schemas,not applicable
Achieving High Utilization with Software-Driven WAN,https://doi.org/10.1145/2534169.2486012,not redistributed,2026-09-11,scholarly publication,read-only scholarly or official record; metadata and claim-relevant scope verified,citation and literature calibration only,capacity-aware WAN update highlights constraints absent from our small model,not applicable
Dynamic Scheduling of Network Updates,https://doi.org/10.1145/2619239.2626307,not redistributed,2026-09-11,scholarly publication,read-only scholarly or official record; metadata and claim-relevant scope verified,citation and literature calibration only,dependency-driven scheduling is the closest planning-shape precedent,not applicable
PREFAIL: A Programmable Tool for Multiple-Failure Injection,https://doi.org/10.1145/2048066.2048082,not redistributed,2026-09-11,scholarly publication,read-only scholarly or official record; metadata and claim-relevant scope verified,citation and literature calibration only,programmable multiple-failure injection motivates explicit fault combinations,not applicable
Incremental Consistent Updates,https://doi.org/10.1145/2491185.2491191,not redistributed,2026-09-11,scholarly publication,read-only scholarly or official record; metadata and claim-relevant scope verified,citation and literature calibration only,incremental consistency illustrates safe partial update progress,not applicable
"Life, Death, and the Critical Transition: Finding Liveness Bugs in Systems Code",https://www.usenix.org/legacy/event/nsdi07/tech/killian/,not redistributed,2026-09-11,scholarly publication,read-only scholarly or official record; metadata and claim-relevant scope verified,citation and literature calibration only,systematic schedule exploration motivates targeted transition faults,not applicable
From Communicating Machines to Graphical Choreographies,https://doi.org/10.1145/2676726.2676964,not redistributed,2026-09-11,scholarly publication,read-only scholarly or official record; metadata and claim-relevant scope verified,citation and literature calibration only,global choreography synthesis is a richer protocol-description route,not applicable
Implementing Linearizability at Large Scale and Low Latency,https://doi.org/10.1145/2815400.2815416,not redistributed,2026-09-11,scholarly publication,read-only scholarly or official record; metadata and claim-relevant scope verified,citation and literature calibration only,"durable completion records are prior art, retained only as a runtime mechanism",not applicable
SAMC: Semantic-Aware Model Checking for Fast Discovery of Deep Bugs in Cloud Systems,https://www.usenix.org/conference/osdi14/technical-sessions/presentation/leesatapornwongsa,not redistributed,2026-09-11,scholarly publication,read-only scholarly or official record; metadata and claim-relevant scope verified,citation and literature calibration only,semantic-aware model checking motivates domain-guided exploration,not applicable
"Gandalf: An Intelligent, End-to-End Analytics Service for Safe Deployment in Large-Scale Cloud Infrastructure",https://www.usenix.org/conference/nsdi20/presentation/li,not redistributed,2026-09-11,scholarly publication,read-only scholarly or official record; metadata and claim-relevant scope verified,citation and literature calibration only,post-deployment telemetry gating contrasts with pre-publication proof obligations,not applicable
zUpdate: Updating Data Center Networks with Zero Loss,https://doi.org/10.1145/2486001.2486005,not redistributed,2026-09-11,scholarly publication,read-only scholarly or official record; metadata and claim-relevant scope verified,citation and literature calibration only,zero-loss network update illustrates operational availability constraints,not applicable
Efficient and Safe Network Updates with Suffix Causal Consistency,https://doi.org/10.1145/3302424.3303965,not redistributed,2026-09-11,scholarly publication,read-only scholarly or official record; metadata and claim-relevant scope verified,citation and literature calibration only,suffix-causal update consistency strengthens concurrent network-update semantics,not applicable
On Consistent Updates in Software Defined Networks,https://doi.org/10.1145/2535771.2535791,not redistributed,2026-09-11,scholarly publication,read-only scholarly or official record; metadata and claim-relevant scope verified,citation and literature calibration only,consistent SDN updates expose ordering and transient-state concerns,not applicable
Immediate Multi-Threaded Dynamic Software Updates Using Stack Reconstruction,https://www.usenix.org/conference/usenix-09/immediate-multi-threaded-dynamic-software-updates-using-stack-reconstruction,not redistributed,2026-09-11,scholarly publication,read-only scholarly or official record; metadata and claim-relevant scope verified,citation and literature calibration only,stack reconstruction shows an alternative update-point mechanism,not applicable
Model Checking Large Network Protocol Implementations,https://www.usenix.org/conference/nsdi-04/model-checking-large-network-protocol-implementations,not redistributed,2026-09-11,scholarly publication,read-only scholarly or official record; metadata and claim-relevant scope verified,citation and literature calibration only,explicit-state checking of real protocols motivates the separate oracle,not applicable
Practical Dynamic Software Updating for C,https://doi.org/10.1145/1133255.1133991,not redistributed,2026-09-11,scholarly publication,read-only scholarly or official record; metadata and claim-relevant scope verified,citation and literature calibration only,practical C DSU calibrates transformation assumptions and update safety,not applicable
How Amazon Web Services Uses Formal Methods,https://doi.org/10.1145/2699417,not redistributed,2026-09-11,scholarly publication,read-only scholarly or official record; metadata and claim-relevant scope verified,citation and literature calibration only,industrial formal-method use calibrates scope and assurance language,not applicable
Ivy: Safety Verification by Interactive Generalization,https://doi.org/10.1145/2908080.2908118,not redistributed,2026-09-11,scholarly publication,read-only scholarly or official record; metadata and claim-relevant scope verified,citation and literature calibration only,interactive generalization is a stronger safety-verification route,not applicable
Exploiting Commutativity for Practical Fast Replication,https://www.usenix.org/conference/nsdi19/presentation/park,not redistributed,2026-09-11,scholarly publication,read-only scholarly or official record; metadata and claim-relevant scope verified,citation and literature calibration only,commutativity-based fast replication is distinct from replay receipts,not applicable
Rubah: DSU for Java on a Stock JVM,https://doi.org/10.1145/2660193.2660220,not redistributed,2026-09-11,scholarly publication,read-only scholarly or official record; metadata and claim-relevant scope verified,citation and literature calibration only,JVM DSU demonstrates runtime state transformation at process granularity,not applicable
Tedsuto: A General Framework for Testing Dynamic Software Updates,https://doi.org/10.1109/ICST.2016.27,not redistributed,2026-09-11,scholarly publication,read-only scholarly or official record; metadata and claim-relevant scope verified,citation and literature calibration only,DSU testing motivates explicit negative controls for update mechanisms,not applicable
Synthesizing Runtime Programmable Switch Updates,https://www.usenix.org/conference/nsdi23/presentation/qiu,not redistributed,2026-09-11,scholarly publication,read-only scholarly or official record; metadata and claim-relevant scope verified,citation and literature calibration only,closest recent synthesis planner; specialized to programmable switch updates,not applicable
Abstractions for Network Update,https://doi.org/10.1145/2342356.2342427,not redistributed,2026-09-11,scholarly publication,read-only scholarly or official record; metadata and claim-relevant scope verified,citation and literature calibration only,establishes the whole-path consistency principle in networks,not applicable
From Global to Local Quiescence: Wait-Free Code Patching of Multi-Threaded Processes,https://www.usenix.org/conference/osdi20/presentation/rommel,not redistributed,2026-09-11,scholarly publication,read-only scholarly or official record; metadata and claim-relevant scope verified,citation and literature calibration only,local quiescence motivates separating affected and unaffected availability,not applicable
End-to-End Arguments in System Design,https://doi.org/10.1145/357401.357402,not redistributed,2026-09-11,scholarly publication,read-only scholarly or official record; metadata and claim-relevant scope verified,citation and literature calibration only,guarantees must be checked at the layer where application effects are visible,not applicable
Evolving NoSQL Databases Without Downtime,https://doi.org/10.1109/ICSME.2016.47,not redistributed,2026-09-11,scholarly publication,read-only scholarly or official record; metadata and claim-relevant scope verified,citation and literature calibration only,"lazy NoSQL state evolution is a migration mechanism, not rollout admission",not applicable
Morpheus: Safe and Flexible Controller Upgrades for SDNs,https://doi.org/10.1145/2890955.2890966,not redistributed,2026-09-11,scholarly publication,read-only scholarly or official record; metadata and claim-relevant scope verified,citation and literature calibration only,coordinated controller state transfer is a direct systems predecessor,not applicable
Programming and Proving with Distributed Protocols,https://doi.org/10.1145/3158116,not redistributed,2026-09-11,scholarly publication,read-only scholarly or official record; metadata and claim-relevant scope verified,citation and literature calibration only,programming and proving distributed protocols calibrates stronger assurance,not applicable
Push-Button Verification of File Systems via Crash Refinement,https://www.usenix.org/conference/osdi16/technical-sessions/presentation/sigurbjarnarson,not redistributed,2026-09-11,scholarly publication,read-only scholarly or official record; metadata and claim-relevant scope verified,citation and literature calibration only,crash refinement calibrates persistence and recovery proof strength,not applicable
Mutatis Mutandis: Safe and Predictable Dynamic Software Updating,https://doi.org/10.1145/1255450.1255455,not redistributed,2026-09-11,scholarly publication,read-only scholarly or official record; metadata and claim-relevant scope verified,citation and literature calibration only,safe predictable DSU formalizes update-state correspondence,not applicable
Anvil: Verifying Liveness of Cluster Management Controllers,https://www.usenix.org/conference/osdi24/presentation/sun-xudong,not redistributed,2026-09-11,scholarly publication,read-only scholarly or official record; metadata and claim-relevant scope verified,citation and literature calibration only,best-paper-level liveness verification calibrates controller proof claims,not applicable
Verdi: A Framework for Implementing and Formally Verifying Distributed Systems,https://doi.org/10.1145/2737924.2737958,not redistributed,2026-09-11,scholarly publication,read-only scholarly or official record; metadata and claim-relevant scope verified,citation and literature calibration only,verified system transformers clarify environment versus implementation assumptions,not applicable
MODIST: Transparent Model Checking of Unmodified Distributed Systems,https://www.usenix.org/conference/nsdi-09/presentation/modist-transparent-model-checking-unmodified-distributed-systems,not redistributed,2026-09-11,scholarly publication,read-only scholarly or official record; metadata and claim-relevant scope verified,citation and literature calibration only,transparent model checking motivates an implementation-distinct execution oracle,not applicable
Simple Testing Can Prevent Most Critical Failures: An Analysis of Production Failures in Distributed Data-Intensive Systems,https://www.usenix.org/conference/osdi14/technical-sessions/presentation/yuan,not redistributed,2026-09-11,scholarly publication,read-only scholarly or official record; metadata and claim-relevant scope verified,citation and literature calibration only,"production failure analysis motivates simple, claim-linked controls",not applicable
Understanding and Detecting Software Upgrade Failures in Distributed Systems,https://doi.org/10.1145/3477132.3483577,not redistributed,2026-09-11,scholarly publication,read-only scholarly or official record; metadata and claim-relevant scope verified,citation and literature calibration only,empirical upgrade taxonomy establishes the problem beyond schema mismatch,not applicable
Basilisk: Using Provenance Invariants to Automate Proofs of Undecidable Protocols,https://www.usenix.org/conference/osdi25/presentation/zhang-tony,not redistributed,2026-09-11,scholarly publication,read-only scholarly or official record; metadata and claim-relevant scope verified,citation and literature calibration only,best-paper-level protocol automation calibrates the stronger proof frontier,not applicable
OSDI 2027 Preliminary Call for Papers,https://www.usenix.org/conference/osdi27/call-for-papers,official venue policy,2026-09-11,official venue rule,read-only first-party page,"page, anonymity, and route calibration only",internal venue-calibrated formatting and route status,not applicable
