key,paper,venue,year,calibration_class,reading_scope,project_delta_or_lesson,scholarly_identifier,citation_sections
ajmani2003scheduling,Scheduling and Simulation: How to Upgrade Distributed Systems,HotOS IX,2003,supporting-scholarly; distributed and dynamic software update,"focused citation verification: scholarly record, abstract or summary, and claim-relevant scope/boundary",establishes scheduling and simulation as explicit obligations for distributed upgrade,https://www.usenix.org/conference/hotos-ix/scheduling-and-simulation-how-upgrade-distributed-systems,distributed and dynamic software update
ajmani2006modular,Modular Software Upgrades for Distributed Systems,ECOOP,2006,adjacent,"full text: modular upgrade model, conditions, examples",closest foundation for modular replacement under distributed-state constraints,https://doi.org/10.1007/11785477_26,distributed and dynamic software update
alagappan2016correlated,Correlated Crash Vulnerabilities,12th USENIX OSDI,2016,supporting-scholarly; fault discovery and systems methodology,"focused citation verification: scholarly record, abstract or summary, and claim-relevant scope/boundary",motivates coupled crash cases rather than assuming independent failures,https://www.usenix.org/conference/osdi16/technical-sessions/presentation/alagappan,fault discovery and systems methodology
altekar2005opus,OPUS: Online Patches and Updates for Security,14th USENIX Security Symposium,2005,supporting-scholarly; distributed and dynamic software update,"focused citation verification: scholarly record, abstract or summary, and claim-relevant scope/boundary",online patching precedent; GATEROLL does not synthesize code patches,https://www.usenix.org/conference/14th-usenix-security-symposium/opus-online-patches-and-updates-security,distributed and dynamic software update
alvaro2015ldfi,Lineage-Driven Fault Injection,ACM SIGMOD,2015,systems-closest,"full text: lineage analysis, injection, evaluation",minimal causal fault search complements but does not replace pre-admission checking,https://doi.org/10.1145/2723372.2723711,fault discovery and systems methodology
anderson2014netkat,NetKAT: Semantic Foundations for Networks,ACM POPL,2014,supporting-scholarly; network update planning,"focused citation verification: scholarly record, abstract or summary, and claim-relevant scope/boundary",semantic network-program foundation for whole-path reasoning,https://doi.org/10.1145/2535838.2535862,network update planning
arnold2009ksplice,Ksplice: Automatic Rebootless Kernel Updates,EuroSys,2009,supporting-scholarly; distributed and dynamic software update,"focused citation verification: scholarly record, abstract or summary, and claim-relevant scope/boundary",kernel live-update mechanism precedent outside service-graph scheduling,https://doi.org/10.1145/1519065.1519085,distributed and dynamic software update
baumann2005providing,Providing Dynamic Update in an Operating System,USENIX ATC,2005,supporting-scholarly; distributed and dynamic software update,"focused citation verification: scholarly record, abstract or summary, and claim-relevant scope/boundary",operating-system dynamic update demonstrates explicit update-state machinery,https://www.usenix.org/legacy/event/usenix05/tech/general/baumann.html,distributed and dynamic software update
baumann2007reboots,Reboots Are for Hardware: Challenges and Solutions to Updating an Operating System on the Fly,USENIX ATC,2007,supporting-scholarly; distributed and dynamic software update,"focused citation verification: scholarly record, abstract or summary, and claim-relevant scope/boundary",clarifies practical live-update boundaries and recovery challenges,https://www.usenix.org/legacy/event/usenix07/tech/full_papers/baumann/baumann_html/,distributed and dynamic software update
birrell1984rpc,Implementing Remote Procedure Calls,ACM Transactions on Computer Systems,1984,supporting-scholarly; RPC effects and replay,"focused citation verification: scholarly record, abstract or summary, and claim-relevant scope/boundary",foundational separation between remote invocation and local procedure semantics,https://doi.org/10.1145/2080.357392,RPC effects and replay
brand1983communicating,On Communicating Finite-State Machines,Journal of the ACM,1983,"supporting-scholarly; protocol, interface, and mixed-version semantics","focused citation verification: scholarly record, abstract or summary, and claim-relevant scope/boundary",global protocol errors can emerge from locally described state machines,https://doi.org/10.1145/322374.322380,"protocol, interface, and mixed-version semantics"
canini2015transactional,A Distributed and Robust SDN Control Plane for Transactional Network Updates,IEEE INFOCOM,2015,supporting-scholarly; network update planning,"focused citation verification: scholarly record, abstract or summary, and claim-relevant scope/boundary",transactional network updates calibrate robust multi-step control-plane execution,https://doi.org/10.1109/INFOCOM.2015.7218382,network update planning
chaitroth2026consistent,Consistent Updates for Scalable Microservices,Proceedings of the ACM on Programming Languages,2026,adjacent-closest,"full text: semantic consistency, algorithms, proofs, evaluation",strongest semantic neighbor; richer mixed-version program reasoning than our Boolean fragment,https://doi.org/10.1145/3776700,"protocol, interface, and mixed-version semantics"
chajed2019argosy,Argosy: Verifying Layered Storage Systems with Recovery Refinement,ACM PLDI,2019,supporting-scholarly; verified distributed and storage systems,"focused citation verification: scholarly record, abstract or summary, and claim-relevant scope/boundary",recovery refinement calibrates stronger persistence proof obligations,https://doi.org/10.1145/3314221.3314585,verified distributed and storage systems
chajed2019perennial,"Verifying Concurrent, Crash-Safe Systems with Perennial",27th ACM SOSP,2019,supporting-scholarly; verified distributed and storage systems,"focused citation verification: scholarly record, abstract or summary, and claim-relevant scope/boundary",concurrent crash-safety proof machinery exceeds this conditional runtime argument,https://doi.org/10.1145/3341301.3359632,verified distributed and storage systems
chen2015fscq,Using Crash Hoare Logic for Certifying the FSCQ File System,25th ACM SOSP,2015,supporting-scholarly; verified distributed and storage systems,"focused citation verification: scholarly record, abstract or summary, and claim-relevant scope/boundary",Crash Hoare Logic calibrates end-to-end persistent-system verification,https://doi.org/10.1145/2815400.2815402,verified distributed and storage systems
dealfaro2001interface,Interface Automata,ESEC/FSE,2001,adjacent-foundational,full text: alternating compatibility and composition,assumption-guarantee compatibility foundation for component interfaces,https://doi.org/10.1145/503209.503226,"protocol, interface, and mixed-version semantics"
dealfaro2001theories,Interface Theories for Component-Based Design,EMSOFT,2001,"supporting-scholarly; protocol, interface, and mixed-version semantics","focused citation verification: scholarly record, abstract or summary, and claim-relevant scope/boundary",compositional interface-theory foundation for richer manifest front ends,https://doi.org/10.1007/3-540-45449-7_11,"protocol, interface, and mixed-version semantics"
denielou2013multiparty,Multiparty Compatibility in Communicating Automata: Characterisation and Synthesis of Global Session Types,ICALP,2013,adjacent-foundational,"full text: communication compatibility, synthesis, model boundaries, and examples",multiparty compatibility can discharge protocol atoms more precisely,https://doi.org/10.1007/978-3-642-39212-2_18,"protocol, interface, and mixed-version semantics"
foerster2019survey,Survey of Consistent Software-Defined Network Updates,IEEE Communications Surveys and Tutorials,2019,supporting-scholarly; network update planning,"focused citation verification: scholarly record, abstract or summary, and claim-relevant scope/boundary",organizes network-update consistency models and planner tradeoffs,https://doi.org/10.1109/COMST.2018.2876749,network update planning
giuffrida2013safe,Safe and Automatic Live Update for Operating Systems,ACM ASPLOS,2013,supporting-scholarly; distributed and dynamic software update,"focused citation verification: scholarly record, abstract or summary, and claim-relevant scope/boundary","automatic operating-system update is a mechanism precedent, not graph admission",https://doi.org/10.1145/2451116.2451147,distributed and dynamic software update
gunawi2011fate,FATE and DESTINI: A Framework for Cloud Recovery Testing,8th USENIX NSDI,2011,supporting-scholarly; fault discovery and systems methodology,"focused citation verification: scholarly record, abstract or summary, and claim-relevant scope/boundary",recovery-testing framework motivates named replayable fault classes,https://www.usenix.org/conference/nsdi11/fate-and-destini-framework-cloud-recovery-testing,fault discovery and systems methodology
han2026upfuzz,UpFuzz: Detecting Data Format Incompatibility Bugs during Distributed Storage System Upgrade,23rd USENIX NSDI,2026,systems-closest; high-visibility,"full text: persisted-state properties, generator, systems evaluation, threats",upgrade-format bug discovery can supply evidence for migration atoms,https://www.usenix.org/conference/nsdi26/presentation/han,fault discovery and systems methodology
hance2020storage,Storage Systems Are Distributed Systems (So Verify Them That Way!),14th USENIX OSDI,2020,systems-closest; high-visibility,"full text: verification methodology, implementation, performance, boundaries",calibrates stronger distributed treatment of storage behavior,https://www.usenix.org/conference/osdi20/presentation/hance,verified distributed and storage systems
hawblitzel2015ironfleet,IronFleet: Proving Practical Distributed Systems Correct,25th ACM SOSP,2015,systems-closest; field-defining,"full text: refinement methodology, verified systems, performance",field-defining proof-to-executable-system benchmark for claim restraint,https://doi.org/10.1145/2815400.2815428,verified distributed and storage systems
hayden2012kitsune,"Kitsune: Efficient, General-Purpose Dynamic Software Updating for C",ACM OOPSLA,2012,adjacent,full text: state transformation and dynamic update implementation,practical C state transformation precedent with different granularity,https://doi.org/10.1145/2384616.2384635,distributed and dynamic software update
heinloth2023luci,Luci: Loader-based Dynamic Software Updates for Off-the-shelf Shared Objects,USENIX ATC,2023,supporting-scholarly; distributed and dynamic software update,"focused citation verification: scholarly record, abstract or summary, and claim-relevant scope/boundary",loader-based replacement shows modern low-level update mechanism design,https://www.usenix.org/conference/atc23/presentation/heinloth,distributed and dynamic software update
hicks2005dynamic,Dynamic Software Updating,ACM Transactions on Programming Languages and Systems,2005,supporting-scholarly; distributed and dynamic software update,"focused citation verification: scholarly record, abstract or summary, and claim-relevant scope/boundary",formal DSU update points and state transformers define mechanism lineage,https://doi.org/10.1145/1108970.1108971,distributed and dynamic software update
honda2008multiparty,Multiparty Asynchronous Session Types,ACM POPL,2008,"supporting-scholarly; protocol, interface, and mixed-version semantics","focused citation verification: scholarly record, abstract or summary, and claim-relevant scope/boundary",global session typing captures protocol structure omitted by endpoint schemas,https://doi.org/10.1145/1328438.1328472,"protocol, interface, and mixed-version semantics"
hong2013swan,Achieving High Utilization with Software-Driven WAN,ACM SIGCOMM,2013,supporting-scholarly; network update planning,"focused citation verification: scholarly record, abstract or summary, and claim-relevant scope/boundary",capacity-aware WAN update highlights constraints absent from our small model,https://doi.org/10.1145/2534169.2486012,network update planning
jin2014dionysus,Dynamic Scheduling of Network Updates,ACM SIGCOMM,2014,adjacent,full text: dependency graph and scheduling algorithms,dependency-driven scheduling is the closest planning-shape precedent,https://doi.org/10.1145/2619239.2626307,network update planning
joshi2011prefail,PREFAIL: A Programmable Tool for Multiple-Failure Injection,ACM OOPSLA,2011,supporting-scholarly; fault discovery and systems methodology,"focused citation verification: scholarly record, abstract or summary, and claim-relevant scope/boundary",programmable multiple-failure injection motivates explicit fault combinations,https://doi.org/10.1145/2048066.2048082,fault discovery and systems methodology
katta2013incremental,Incremental Consistent Updates,ACM HotSDN,2013,supporting-scholarly; network update planning,"focused citation verification: scholarly record, abstract or summary, and claim-relevant scope/boundary",incremental consistency illustrates safe partial update progress,https://doi.org/10.1145/2491185.2491191,network update planning
killian2007liveness,"Life, Death, and the Critical Transition: Finding Liveness Bugs in Systems Code",4th USENIX NSDI,2007,supporting-scholarly; fault discovery and systems methodology,"focused citation verification: scholarly record, abstract or summary, and claim-relevant scope/boundary",systematic schedule exploration motivates targeted transition faults,https://www.usenix.org/legacy/event/nsdi07/tech/killian/,fault discovery and systems methodology
lange2015choreographies,From Communicating Machines to Graphical Choreographies,ACM POPL,2015,"supporting-scholarly; protocol, interface, and mixed-version semantics","focused citation verification: scholarly record, abstract or summary, and claim-relevant scope/boundary",global choreography synthesis is a richer protocol-description route,https://doi.org/10.1145/2676726.2676964,"protocol, interface, and mixed-version semantics"
lee2015rifl,Implementing Linearizability at Large Scale and Low Latency,25th ACM SOSP,2015,systems-closest; field-defining,"full text: request identifiers, completion records, recovery","durable completion records are prior art, retained only as a runtime mechanism",https://doi.org/10.1145/2815400.2815416,RPC effects and replay
leesatapornwongsa2014samc,SAMC: Semantic-Aware Model Checking for Fast Discovery of Deep Bugs in Cloud Systems,11th USENIX OSDI,2014,supporting-scholarly; fault discovery and systems methodology,"focused citation verification: scholarly record, abstract or summary, and claim-relevant scope/boundary",semantic-aware model checking motivates domain-guided exploration,https://www.usenix.org/conference/osdi14/technical-sessions/presentation/leesatapornwongsa,fault discovery and systems methodology
li2020gandalf,"Gandalf: An Intelligent, End-to-End Analytics Service for Safe Deployment in Large-Scale Cloud Infrastructure",17th USENIX NSDI,2020,systems-closest,"full text: production motivation, signal correlation, decision pipeline, evaluation",post-deployment telemetry gating contrasts with pre-publication proof obligations,https://www.usenix.org/conference/nsdi20/presentation/li,fault discovery and systems methodology
liu2013zupdate,zUpdate: Updating Data Center Networks with Zero Loss,ACM SIGCOMM,2013,supporting-scholarly; network update planning,"focused citation verification: scholarly record, abstract or summary, and claim-relevant scope/boundary",zero-loss network update illustrates operational availability constraints,https://doi.org/10.1145/2486001.2486005,network update planning
liu2019suffix,Efficient and Safe Network Updates with Suffix Causal Consistency,EuroSys,2019,supporting-scholarly; network update planning,"focused citation verification: scholarly record, abstract or summary, and claim-relevant scope/boundary",suffix-causal update consistency strengthens concurrent network-update semantics,https://doi.org/10.1145/3302424.3303965,network update planning
mahajan2013consistent,On Consistent Updates in Software Defined Networks,ACM HotNets,2013,supporting-scholarly; network update planning,"focused citation verification: scholarly record, abstract or summary, and claim-relevant scope/boundary",consistent SDN updates expose ordering and transient-state concerns,https://doi.org/10.1145/2535771.2535791,network update planning
makris2009immediate,Immediate Multi-Threaded Dynamic Software Updates Using Stack Reconstruction,USENIX ATC,2009,supporting-scholarly; distributed and dynamic software update,"focused citation verification: scholarly record, abstract or summary, and claim-relevant scope/boundary",stack reconstruction shows an alternative update-point mechanism,https://www.usenix.org/conference/usenix-09/immediate-multi-threaded-dynamic-software-updates-using-stack-reconstruction,distributed and dynamic software update
musuvathi2004model,Model Checking Large Network Protocol Implementations,First USENIX NSDI,2004,supporting-scholarly; fault discovery and systems methodology,"focused citation verification: scholarly record, abstract or summary, and claim-relevant scope/boundary",explicit-state checking of real protocols motivates the separate oracle,https://www.usenix.org/conference/nsdi-04/model-checking-large-network-protocol-implementations,fault discovery and systems methodology
neamtiu2006practical,Practical Dynamic Software Updating for C,ACM PLDI,2006,supporting-scholarly; distributed and dynamic software update,"focused citation verification: scholarly record, abstract or summary, and claim-relevant scope/boundary",practical C DSU calibrates transformation assumptions and update safety,https://doi.org/10.1145/1133255.1133991,distributed and dynamic software update
newcombe2015amazon,How Amazon Web Services Uses Formal Methods,Communications of the ACM,2015,supporting-scholarly; verified distributed and storage systems,"focused citation verification: scholarly record, abstract or summary, and claim-relevant scope/boundary",industrial formal-method use calibrates scope and assurance language,https://doi.org/10.1145/2699417,verified distributed and storage systems
padon2016ivy,Ivy: Safety Verification by Interactive Generalization,ACM PLDI,2016,supporting-scholarly; verified distributed and storage systems,"focused citation verification: scholarly record, abstract or summary, and claim-relevant scope/boundary",interactive generalization is a stronger safety-verification route,https://doi.org/10.1145/2908080.2908118,verified distributed and storage systems
park2019curp,Exploiting Commutativity for Practical Fast Replication,16th USENIX NSDI,2019,supporting-scholarly; RPC effects and replay,"focused citation verification: scholarly record, abstract or summary, and claim-relevant scope/boundary",commutativity-based fast replication is distinct from replay receipts,https://www.usenix.org/conference/nsdi19/presentation/park,RPC effects and replay
pina2014rubah,Rubah: DSU for Java on a Stock JVM,ACM OOPSLA,2014,supporting-scholarly; distributed and dynamic software update,"focused citation verification: scholarly record, abstract or summary, and claim-relevant scope/boundary",JVM DSU demonstrates runtime state transformation at process granularity,https://doi.org/10.1145/2660193.2660220,distributed and dynamic software update
pina2016tedsuto,Tedsuto: A General Framework for Testing Dynamic Software Updates,IEEE ICST,2016,supporting-scholarly; distributed and dynamic software update,"focused citation verification: scholarly record, abstract or summary, and claim-relevant scope/boundary",DSU testing motivates explicit negative controls for update mechanisms,https://doi.org/10.1109/ICST.2016.27,distributed and dynamic software update
qiu2023flexplan,Synthesizing Runtime Programmable Switch Updates,20th USENIX NSDI,2023,systems-closest,"full text: update planning, synthesis constraints, evaluation, limits",closest recent synthesis planner; specialized to programmable switch updates,https://www.usenix.org/conference/nsdi23/presentation/qiu,network update planning
reitblatt2012abstractions,Abstractions for Network Update,ACM SIGCOMM,2012,adjacent,full text: per-packet consistency and two-phase update,establishes the whole-path consistency principle in networks,https://doi.org/10.1145/2342356.2342427,network update planning
rommel2020wfpatch,From Global to Local Quiescence: Wait-Free Code Patching of Multi-Threaded Processes,14th USENIX OSDI,2020,systems-closest; high-visibility,"full text: local quiescence design, implementation, latency evaluation",local quiescence motivates separating affected and unaffected availability,https://www.usenix.org/conference/osdi20/presentation/rommel,distributed and dynamic software update
saltzer1984endtoend,End-to-End Arguments in System Design,ACM Transactions on Computer Systems,1984,supporting-scholarly; RPC effects and replay,"focused citation verification: scholarly record, abstract or summary, and claim-relevant scope/boundary",guarantees must be checked at the layer where application effects are visible,https://doi.org/10.1145/357401.357402,RPC effects and replay
saur2016kvolve,Evolving NoSQL Databases Without Downtime,IEEE ICSME,2016,adjacent,full text: lazy object conversion and compatibility,"lazy NoSQL state evolution is a migration mechanism, not rollout admission",https://doi.org/10.1109/ICSME.2016.47,distributed and dynamic software update
saur2016morpheus,Morpheus: Safe and Flexible Controller Upgrades for SDNs,ACM SOSR,2016,adjacent,full text: explicit state transformation and coordinated update,coordinated controller state transfer is a direct systems predecessor,https://doi.org/10.1145/2890955.2890966,distributed and dynamic software update
sergey2018disel,Programming and Proving with Distributed Protocols,Proceedings of the ACM on Programming Languages,2018,supporting-scholarly; verified distributed and storage systems,"focused citation verification: scholarly record, abstract or summary, and claim-relevant scope/boundary",programming and proving distributed protocols calibrates stronger assurance,https://doi.org/10.1145/3158116,verified distributed and storage systems
sigurbjarnarson2016crash,Push-Button Verification of File Systems via Crash Refinement,12th USENIX OSDI,2016,supporting-scholarly; verified distributed and storage systems,"focused citation verification: scholarly record, abstract or summary, and claim-relevant scope/boundary",crash refinement calibrates persistence and recovery proof strength,https://www.usenix.org/conference/osdi16/technical-sessions/presentation/sigurbjarnarson,verified distributed and storage systems
stoyle2007mutatis,Mutatis Mutandis: Safe and Predictable Dynamic Software Updating,ACM Transactions on Programming Languages and Systems,2007,supporting-scholarly; distributed and dynamic software update,"focused citation verification: scholarly record, abstract or summary, and claim-relevant scope/boundary",safe predictable DSU formalizes update-state correspondence,https://doi.org/10.1145/1255450.1255455,distributed and dynamic software update
sun2024anvil,Anvil: Verifying Liveness of Cluster Management Controllers,18th USENIX OSDI,2024,systems-closest; best-paper,"full text: liveness specification, framework, three controllers, evaluation",best-paper-level liveness verification calibrates controller proof claims,https://www.usenix.org/conference/osdi24/presentation/sun-xudong,verified distributed and storage systems
wilcox2015verdi,Verdi: A Framework for Implementing and Formally Verifying Distributed Systems,ACM PLDI,2015,systems-closest; field-defining,"full text: verified system transformers, extraction, case study",verified system transformers clarify environment versus implementation assumptions,https://doi.org/10.1145/2737924.2737958,verified distributed and storage systems
yang2009modist,MODIST: Transparent Model Checking of Unmodified Distributed Systems,6th USENIX NSDI,2009,supporting-scholarly; fault discovery and systems methodology,"focused citation verification: scholarly record, abstract or summary, and claim-relevant scope/boundary",transparent model checking motivates an implementation-distinct execution oracle,https://www.usenix.org/conference/nsdi-09/presentation/modist-transparent-model-checking-unmodified-distributed-systems,fault discovery and systems methodology
yuan2014simple,Simple Testing Can Prevent Most Critical Failures: An Analysis of Production Failures in Distributed Data-Intensive Systems,11th USENIX OSDI,2014,supporting-scholarly; fault discovery and systems methodology,"focused citation verification: scholarly record, abstract or summary, and claim-relevant scope/boundary","production failure analysis motivates simple, claim-linked controls",https://www.usenix.org/conference/osdi14/technical-sessions/presentation/yuan,fault discovery and systems methodology
zhang2021upgrade,Understanding and Detecting Software Upgrade Failures in Distributed Systems,28th ACM SOSP,2021,systems-closest,"full text: problem taxonomy, detection architecture, evaluation, limits",empirical upgrade taxonomy establishes the problem beyond schema mismatch,https://doi.org/10.1145/3477132.3483577,fault discovery and systems methodology
zhang2025basilisk,Basilisk: Using Provenance Invariants to Automate Proofs of Undecidable Protocols,19th USENIX OSDI,2025,systems-closest; best-paper,"full text: invariant synthesis, proofs, 16 protocols, evaluation",best-paper-level protocol automation calibrates the stronger proof frontier,https://www.usenix.org/conference/osdi25/presentation/zhang-tony,verified distributed and storage systems
