authorization_failures,availability_affected,availability_overall,availability_unaffected,block_reason,campaign_id,family,fault,final_new,model_admitted,pair,proxy_calls,recovery_ms,rollout_ms,safe_cutover_target,semantic_violations,strategy,strategy_admitted,topology,transaction_records,violating_run
0,0.9,0.9629629629629629,1.0,,campaign-00,Envoy Rate Limit,none,1,1,descriptor-additive,36,0.0,448.5158000024967,1,0,certified,1,chain3,36,0
1,0.9,0.8888888888888888,0.8823529411764706,,campaign-00,Envoy Rate Limit,none,1,1,descriptor-additive,36,0.0,197.56970000162255,1,0,stop_the_world,1,chain3,36,0
6,0.4,0.7777777777777778,1.0,,campaign-00,Envoy Rate Limit,none,1,1,descriptor-additive,36,0.0,215.2116999932332,1,1,naive_rolling,1,chain3,36,1
0,1.0,1.0,1.0,,campaign-00,Envoy Rate Limit,none,1,1,descriptor-additive,36,0.0,204.47060000151396,1,1,schema_only,1,chain3,36,1
0,1.0,1.0,1.0,,campaign-00,Envoy Rate Limit,none,0,1,descriptor-additive,36,0.0,106.24249999818858,1,1,version_negotiation,1,chain3,36,1
6,0.4,0.7777777777777778,1.0,,campaign-00,Envoy Rate Limit,none,1,1,descriptor-additive,36,0.0,258.668000002217,1,1,health_rollback,1,chain3,36,1
0,0.9,0.9629629629629629,1.0,,campaign-01,etcd Lease,crash,1,1,ttl-additive,36,250.35409999691183,743.3545000021695,1,0,certified,1,chain3,36,0
3,0.7,0.7407407407407407,0.7647058823529411,,campaign-01,etcd Lease,crash,1,1,ttl-additive,36,0.0007999988156370819,85.97970000118949,1,0,stop_the_world,1,chain3,36,0
6,0.4,0.6666666666666666,0.8235294117647058,,campaign-01,etcd Lease,crash,1,1,ttl-additive,36,0.0006999980541877449,179.73569999594474,1,1,naive_rolling,1,chain3,36,1
2,0.8,0.8148148148148148,0.8235294117647058,,campaign-01,etcd Lease,crash,1,1,ttl-additive,36,0.0007999988156370819,168.19179999583866,1,1,schema_only,1,chain3,36,1
0,1.0,0.8888888888888888,0.8235294117647058,,campaign-01,etcd Lease,crash,0,1,ttl-additive,36,0.000600004568696022,222.295599996869,1,1,version_negotiation,1,chain3,36,1
4,0.5,0.7037037037037037,0.8235294117647058,,campaign-01,etcd Lease,crash,0,1,ttl-additive,36,1.7191000006278045,132.50029999471735,1,0,health_rollback,1,chain3,36,0
0,0.9,0.9629629629629629,1.0,,campaign-02,gRPC Health,delay,1,1,status-enum-additive,36,0.0,362.58400000224356,1,0,certified,1,chain3,36,0
1,0.9,0.8888888888888888,0.8823529411764706,,campaign-02,gRPC Health,delay,1,1,status-enum-additive,36,0.0,70.20570000167936,1,0,stop_the_world,1,chain3,36,0
6,0.4,0.7777777777777778,1.0,,campaign-02,gRPC Health,delay,1,1,status-enum-additive,37,0.0,402.4576000010711,1,1,naive_rolling,1,chain3,36,1
0,1.0,1.0,1.0,,campaign-02,gRPC Health,delay,1,1,status-enum-additive,36,0.0,202.20010000048205,1,1,schema_only,1,chain3,36,1
0,1.0,1.0,1.0,,campaign-02,gRPC Health,delay,0,1,status-enum-additive,36,0.0,138.3685999971931,1,1,version_negotiation,1,chain3,36,1
6,0.4,0.7777777777777778,1.0,,campaign-02,gRPC Health,delay,1,1,status-enum-additive,37,0.0,510.512299995753,1,1,health_rollback,1,chain3,36,1
0,0.9,0.9629629629629629,1.0,,campaign-03,Kubernetes Lease,reorder,1,1,holder-state-recode,36,0.0,460.7620000024326,1,0,certified,1,chain3,36,0
1,0.9,0.8888888888888888,0.8823529411764706,,campaign-03,Kubernetes Lease,reorder,1,1,holder-state-recode,36,0.0,247.54659999598516,1,0,stop_the_world,1,chain3,36,0
6,0.4,0.7777777777777778,1.0,,campaign-03,Kubernetes Lease,reorder,1,1,holder-state-recode,36,0.0,101.65930000221124,1,1,naive_rolling,1,chain3,36,1
0,1.0,1.0,1.0,,campaign-03,Kubernetes Lease,reorder,1,1,holder-state-recode,36,0.0,176.81200000515673,1,1,schema_only,1,chain3,36,1
0,1.0,1.0,1.0,,campaign-03,Kubernetes Lease,reorder,0,1,holder-state-recode,36,0.0,159.88479999941774,1,1,version_negotiation,1,chain3,36,1
6,0.4,0.7777777777777778,1.0,,campaign-03,Kubernetes Lease,reorder,1,1,holder-state-recode,36,0.0,258.06700000248384,1,1,health_rollback,1,chain3,36,1
0,1.0,1.0,1.0,model-witness,campaign-04,etcd KV,stale_route,0,0,lease-write-authorization,36,0.0,71.10200000170153,0,0,certified,0,chain3,36,0
0,1.0,1.0,1.0,baseline-projection,campaign-04,etcd KV,stale_route,0,0,lease-write-authorization,36,0.0,136.0590000040247,0,0,stop_the_world,0,chain3,36,0
6,0.5,0.8148148148148148,1.0,,campaign-04,etcd KV,stale_route,1,0,lease-write-authorization,36,0.0,78.63009999709902,0,1,naive_rolling,1,chain3,36,1
2,1.0,1.0,1.0,,campaign-04,etcd KV,stale_route,1,0,lease-write-authorization,36,0.0,157.53849999600789,0,4,schema_only,1,chain3,36,1
0,0.9,0.9629629629629629,1.0,,campaign-04,etcd KV,stale_route,0,0,lease-write-authorization,36,0.0,269.7489999991376,0,1,version_negotiation,1,chain3,36,1
6,0.5,0.8148148148148148,1.0,,campaign-04,etcd KV,stale_route,1,0,lease-write-authorization,36,0.0,139.8537999994005,0,1,health_rollback,1,chain3,36,1
0,1.0,1.0,1.0,missing-adapter,campaign-05,Envoy Rate Limit,missing_adapter,0,1,descriptor-additive,36,0.0,87.19469999778084,0,0,certified,0,chain3,36,0
3,0.7,0.8148148148148148,0.8823529411764706,,campaign-05,Envoy Rate Limit,missing_adapter,1,1,descriptor-additive,36,0.0,99.11119999742368,0,0,stop_the_world,1,chain3,36,0
6,0.4,0.7777777777777778,1.0,,campaign-05,Envoy Rate Limit,missing_adapter,1,1,descriptor-additive,36,0.0,74.54200000211131,0,1,naive_rolling,1,chain3,36,1
2,0.8,0.9259259259259259,1.0,,campaign-05,Envoy Rate Limit,missing_adapter,1,1,descriptor-additive,36,0.0,193.43750000552973,0,1,schema_only,1,chain3,36,1
0,1.0,1.0,1.0,,campaign-05,Envoy Rate Limit,missing_adapter,0,1,descriptor-additive,36,0.0,172.0671000002767,0,1,version_negotiation,1,chain3,36,1
6,0.4,0.7777777777777778,1.0,,campaign-05,Envoy Rate Limit,missing_adapter,1,1,descriptor-additive,36,0.0,120.79549999907613,0,1,health_rollback,1,chain3,36,1
0,1.0,1.0,1.0,authorization-mismatch,campaign-06,etcd Lease,authorization_mismatch,0,1,ttl-additive,36,0.0,91.34320000157459,0,0,certified,0,chain3,36,0
3,0.9,0.8888888888888888,0.8823529411764706,,campaign-06,etcd Lease,authorization_mismatch,1,1,ttl-additive,36,0.0,223.51560000242898,0,2,stop_the_world,1,chain3,36,1
6,0.4,0.7777777777777778,1.0,,campaign-06,etcd Lease,authorization_mismatch,1,1,ttl-additive,36,0.0,79.04689999850234,0,1,naive_rolling,1,chain3,36,1
2,1.0,1.0,1.0,,campaign-06,etcd Lease,authorization_mismatch,1,1,ttl-additive,36,0.0,138.55760000296868,0,3,schema_only,1,chain3,36,1
0,1.0,1.0,1.0,,campaign-06,etcd Lease,authorization_mismatch,0,1,ttl-additive,36,0.0,169.80080000212183,0,1,version_negotiation,1,chain3,36,1
6,0.4,0.7777777777777778,1.0,,campaign-06,etcd Lease,authorization_mismatch,1,1,ttl-additive,36,0.0,190.78989999979967,0,1,health_rollback,1,chain3,36,1
0,0.9,0.9629629629629629,1.0,migration-cardinality,campaign-07,gRPC Health,partial_migration,0,1,status-enum-additive,36,0.0,306.74200000066776,0,0,certified,0,chain3,36,0
1,0.9,0.8888888888888888,0.8823529411764706,,campaign-07,gRPC Health,partial_migration,1,1,status-enum-additive,36,0.0,201.92369999858784,0,2,stop_the_world,1,chain3,36,1
6,0.4,0.7777777777777778,1.0,,campaign-07,gRPC Health,partial_migration,1,1,status-enum-additive,36,0.0,179.36689999623923,0,1,naive_rolling,1,chain3,36,1
0,1.0,1.0,1.0,,campaign-07,gRPC Health,partial_migration,1,1,status-enum-additive,36,0.0,214.85499999835156,0,3,schema_only,1,chain3,36,1
0,1.0,1.0,1.0,,campaign-07,gRPC Health,partial_migration,0,1,status-enum-additive,36,0.0,189.0105000056792,0,1,version_negotiation,1,chain3,36,1
6,0.4,0.7777777777777778,1.0,,campaign-07,gRPC Health,partial_migration,1,1,status-enum-additive,36,0.0,215.6126999980188,0,1,health_rollback,1,chain3,36,1
0,1.0,1.0,1.0,certificate-rejected,campaign-08,Kubernetes Lease,corrupt_certificate,0,1,holder-state-recode,36,0.0,103.71500000474043,0,0,certified,0,chain3,36,0
1,0.9,0.8888888888888888,0.8823529411764706,,campaign-08,Kubernetes Lease,corrupt_certificate,1,1,holder-state-recode,36,0.0,225.16309999627993,0,0,stop_the_world,1,chain3,36,0
6,0.4,0.7777777777777778,1.0,,campaign-08,Kubernetes Lease,corrupt_certificate,1,1,holder-state-recode,36,0.0,93.20950000255834,0,1,naive_rolling,1,chain3,36,1
0,1.0,1.0,1.0,,campaign-08,Kubernetes Lease,corrupt_certificate,1,1,holder-state-recode,36,0.0,221.46810000413097,0,1,schema_only,1,chain3,36,1
0,1.0,1.0,1.0,,campaign-08,Kubernetes Lease,corrupt_certificate,0,1,holder-state-recode,36,0.0,93.24719999858644,0,1,version_negotiation,1,chain3,36,1
6,0.4,0.7777777777777778,1.0,,campaign-08,Kubernetes Lease,corrupt_certificate,1,1,holder-state-recode,36,0.0,78.10230000177398,0,1,health_rollback,1,chain3,36,1
0,1.0,1.0,1.0,model-witness,campaign-09,gRPC Route Guide,duplicate,0,0,stream-phase-drop,36,0.0,151.4790000001085,0,0,certified,0,chain3,36,0
1,0.9,0.8888888888888888,0.8823529411764706,,campaign-09,gRPC Route Guide,duplicate,1,0,stream-phase-drop,36,0.0,87.97679999406682,0,0,stop_the_world,1,chain3,36,0
6,0.4,0.7777777777777778,1.0,,campaign-09,gRPC Route Guide,duplicate,1,0,stream-phase-drop,36,0.0,137.25700000213692,0,1,naive_rolling,1,chain3,36,1
0,1.0,1.0,1.0,,campaign-09,gRPC Route Guide,duplicate,1,0,stream-phase-drop,36,0.0,123.2908000019961,0,1,schema_only,1,chain3,36,1
0,1.0,1.0,1.0,baseline-projection,campaign-09,gRPC Route Guide,duplicate,0,0,stream-phase-drop,36,0.0,75.12750000023516,0,0,version_negotiation,0,chain3,36,0
6,0.4,0.7777777777777778,1.0,,campaign-09,gRPC Route Guide,duplicate,1,0,stream-phase-drop,36,0.0,231.87350000080187,0,1,health_rollback,1,chain3,36,1
0,0.9,0.9629629629629629,1.0,,campaign-10,etcd KV,none,1,1,additive-compare-field,36,0.0,361.3908999977866,1,0,certified,1,diamond4,36,0
1,0.9,0.8888888888888888,0.8823529411764706,,campaign-10,etcd KV,none,1,1,additive-compare-field,36,0.0,203.22989999840502,1,0,stop_the_world,1,diamond4,36,0
6,0.4,0.7777777777777778,1.0,,campaign-10,etcd KV,none,1,1,additive-compare-field,36,0.0,143.19690000411356,1,1,naive_rolling,1,diamond4,36,1
0,1.0,1.0,1.0,,campaign-10,etcd KV,none,1,1,additive-compare-field,36,0.0,135.99190000240924,1,1,schema_only,1,diamond4,36,1
0,1.0,1.0,1.0,,campaign-10,etcd KV,none,0,1,additive-compare-field,36,0.0,230.64589999557938,1,1,version_negotiation,1,diamond4,36,1
6,0.4,0.7777777777777778,1.0,,campaign-10,etcd KV,none,1,1,additive-compare-field,36,0.0,90.72540000488516,1,1,health_rollback,1,diamond4,36,1
0,0.9,0.9629629629629629,1.0,,campaign-11,gRPC Health,crash,1,1,watch-state-recode,36,228.77059999882476,531.3922999994247,1,0,certified,1,diamond4,36,0
1,0.3,0.6666666666666666,0.8823529411764706,,campaign-11,gRPC Health,crash,1,1,watch-state-recode,36,0.000700005330145359,92.41710000060266,1,0,stop_the_world,1,diamond4,36,0
6,0.4,0.7777777777777778,1.0,,campaign-11,gRPC Health,crash,1,1,watch-state-recode,36,0.0008999995770864189,101.81819999706931,1,1,naive_rolling,1,diamond4,36,1
0,0.4,0.7777777777777778,1.0,,campaign-11,gRPC Health,crash,1,1,watch-state-recode,36,0.0007999988156370819,122.10570000024745,1,1,schema_only,1,diamond4,36,1
0,1.0,1.0,1.0,,campaign-11,gRPC Health,crash,0,1,watch-state-recode,36,0.000500003807246685,265.02959999925224,1,1,version_negotiation,1,diamond4,36,1
6,0.9,0.9629629629629629,1.0,,campaign-11,gRPC Health,crash,0,1,watch-state-recode,36,2.083300001686439,307.11470000096597,1,0,health_rollback,1,diamond4,36,0
0,1.0,1.0,1.0,model-witness,campaign-12,Envoy Rate Limit,delay,0,0,guest-quota-weakening,36,0.0,176.2070999975549,0,0,certified,0,diamond4,36,0
0,1.0,1.0,1.0,baseline-projection,campaign-12,Envoy Rate Limit,delay,0,0,guest-quota-weakening,36,0.0,109.29390000092098,0,0,stop_the_world,0,diamond4,36,0
6,0.4,0.7777777777777778,1.0,,campaign-12,Envoy Rate Limit,delay,1,0,guest-quota-weakening,37,0.0,422.17410000012023,0,1,naive_rolling,1,diamond4,36,1
6,1.0,1.0,1.0,,campaign-12,Envoy Rate Limit,delay,1,0,guest-quota-weakening,37,0.0,568.1054999949993,0,7,schema_only,1,diamond4,36,1
0,1.0,1.0,1.0,,campaign-12,Envoy Rate Limit,delay,0,0,guest-quota-weakening,36,0.0,205.95889999822248,0,1,version_negotiation,1,diamond4,36,1
6,0.4,0.7777777777777778,1.0,,campaign-12,Envoy Rate Limit,delay,1,0,guest-quota-weakening,37,0.0,412.55229999660514,0,1,health_rollback,1,diamond4,36,1
0,1.0,1.0,1.0,model-witness,campaign-13,Google Pub/Sub,reorder,0,0,publish-replay-break,36,0.0,132.93709999561543,0,0,certified,0,diamond4,36,0
0,1.0,1.0,1.0,baseline-projection,campaign-13,Google Pub/Sub,reorder,0,0,publish-replay-break,36,0.0,116.03839999588672,0,0,stop_the_world,0,diamond4,36,0
6,0.4,0.7777777777777778,1.0,,campaign-13,Google Pub/Sub,reorder,1,0,publish-replay-break,36,0.0,100.53909999987809,0,1,naive_rolling,1,diamond4,36,1
0,1.0,1.0,1.0,,campaign-13,Google Pub/Sub,reorder,1,0,publish-replay-break,36,0.0,93.91619999951217,0,1,schema_only,1,diamond4,36,1
0,1.0,1.0,1.0,,campaign-13,Google Pub/Sub,reorder,0,0,publish-replay-break,36,0.0,164.50800000166055,0,1,version_negotiation,1,diamond4,36,1
6,0.4,0.7777777777777778,1.0,,campaign-13,Google Pub/Sub,reorder,1,0,publish-replay-break,36,0.0,206.32889999978943,0,1,health_rollback,1,diamond4,36,1
0,0.9,0.9629629629629629,1.0,,campaign-14,Kubernetes Lease,stale_route,1,1,duration-additive,36,0.0,233.89759999554371,1,0,certified,1,diamond4,36,0
1,0.9,0.8888888888888888,0.8823529411764706,,campaign-14,Kubernetes Lease,stale_route,1,1,duration-additive,36,0.0,125.17509999452159,1,1,stop_the_world,1,diamond4,36,1
6,0.5,0.8148148148148148,1.0,,campaign-14,Kubernetes Lease,stale_route,1,1,duration-additive,36,0.0,164.05729999678442,1,1,naive_rolling,1,diamond4,36,1
0,1.0,1.0,1.0,,campaign-14,Kubernetes Lease,stale_route,1,1,duration-additive,36,0.0,116.93640000157757,1,2,schema_only,1,diamond4,36,1
0,0.9,0.9629629629629629,1.0,,campaign-14,Kubernetes Lease,stale_route,0,1,duration-additive,36,0.0,66.34849999682046,1,1,version_negotiation,1,diamond4,36,1
6,0.5,0.8148148148148148,1.0,,campaign-14,Kubernetes Lease,stale_route,1,1,duration-additive,36,0.0,130.55659999372438,1,1,health_rollback,1,diamond4,36,1
0,1.0,1.0,1.0,missing-adapter,campaign-15,OpenTelemetry Logs,missing_adapter,0,1,record-layout-recode,36,0.0,69.45899999846006,0,0,certified,0,diamond4,36,0
6,0.9,0.8888888888888888,0.8823529411764706,,campaign-15,OpenTelemetry Logs,missing_adapter,1,1,record-layout-recode,36,0.0,188.76969999837456,0,0,stop_the_world,1,diamond4,36,0
6,0.4,0.7777777777777778,1.0,,campaign-15,OpenTelemetry Logs,missing_adapter,1,1,record-layout-recode,36,0.0,89.11419999640202,0,1,naive_rolling,1,diamond4,36,1
6,1.0,1.0,1.0,,campaign-15,OpenTelemetry Logs,missing_adapter,1,1,record-layout-recode,36,0.0,152.4963999981992,0,1,schema_only,1,diamond4,36,1
0,1.0,1.0,1.0,,campaign-15,OpenTelemetry Logs,missing_adapter,0,1,record-layout-recode,36,0.0,174.4803999972646,0,1,version_negotiation,1,diamond4,36,1
6,0.4,0.7777777777777778,1.0,,campaign-15,OpenTelemetry Logs,missing_adapter,1,1,record-layout-recode,36,0.0,78.99390000238782,0,1,health_rollback,1,diamond4,36,1
0,1.0,1.0,1.0,authorization-mismatch,campaign-16,etcd KV,authorization_mismatch,0,1,additive-compare-field,36,0.0,128.71549999545095,0,0,certified,0,diamond4,36,0
6,0.9,0.8888888888888888,0.8823529411764706,,campaign-16,etcd KV,authorization_mismatch,1,1,additive-compare-field,36,0.0,205.6553999937023,0,5,stop_the_world,1,diamond4,36,1
6,0.4,0.7777777777777778,1.0,,campaign-16,etcd KV,authorization_mismatch,1,1,additive-compare-field,36,0.0,213.3654999997816,0,1,naive_rolling,1,diamond4,36,1
6,1.0,1.0,1.0,,campaign-16,etcd KV,authorization_mismatch,1,1,additive-compare-field,36,0.0,187.47699999948964,0,7,schema_only,1,diamond4,36,1
0,1.0,1.0,1.0,,campaign-16,etcd KV,authorization_mismatch,0,1,additive-compare-field,36,0.0,199.32849999895552,0,1,version_negotiation,1,diamond4,36,1
6,0.4,0.7777777777777778,1.0,,campaign-16,etcd KV,authorization_mismatch,1,1,additive-compare-field,36,0.0,105.58899999887217,0,1,health_rollback,1,diamond4,36,1
0,0.9,0.9629629629629629,1.0,migration-cardinality,campaign-17,gRPC Health,partial_migration,0,1,watch-state-recode,36,0.0,123.72509999840986,0,0,certified,0,diamond4,36,0
1,0.9,0.8888888888888888,0.8823529411764706,,campaign-17,gRPC Health,partial_migration,1,1,watch-state-recode,36,0.0,128.63610000204062,0,0,stop_the_world,1,diamond4,36,0
6,0.4,0.7777777777777778,1.0,,campaign-17,gRPC Health,partial_migration,1,1,watch-state-recode,36,0.0,145.13649999571498,0,1,naive_rolling,1,diamond4,36,1
0,1.0,1.0,1.0,,campaign-17,gRPC Health,partial_migration,1,1,watch-state-recode,36,0.0,175.23209999490064,0,1,schema_only,1,diamond4,36,1
0,1.0,1.0,1.0,,campaign-17,gRPC Health,partial_migration,0,1,watch-state-recode,36,0.0,120.20330000086688,0,1,version_negotiation,1,diamond4,36,1
6,0.4,0.7777777777777778,1.0,,campaign-17,gRPC Health,partial_migration,1,1,watch-state-recode,36,0.0,179.58899999939604,0,1,health_rollback,1,diamond4,36,1
0,1.0,1.0,1.0,certificate-rejected,campaign-18,Kubernetes Lease,corrupt_certificate,0,1,duration-additive,36,0.0,188.39280000247527,0,0,certified,0,diamond4,36,0
1,0.9,0.8888888888888888,0.8823529411764706,,campaign-18,Kubernetes Lease,corrupt_certificate,1,1,duration-additive,36,0.0,139.64370000030613,0,0,stop_the_world,1,diamond4,36,0
6,0.4,0.7777777777777778,1.0,,campaign-18,Kubernetes Lease,corrupt_certificate,1,1,duration-additive,36,0.0,141.65019999927608,0,1,naive_rolling,1,diamond4,36,1
0,1.0,1.0,1.0,,campaign-18,Kubernetes Lease,corrupt_certificate,1,1,duration-additive,36,0.0,154.57360000436893,0,1,schema_only,1,diamond4,36,1
0,1.0,1.0,1.0,,campaign-18,Kubernetes Lease,corrupt_certificate,0,1,duration-additive,36,0.0,216.0054999985732,0,1,version_negotiation,1,diamond4,36,1
6,0.4,0.7777777777777778,1.0,,campaign-18,Kubernetes Lease,corrupt_certificate,1,1,duration-additive,36,0.0,108.44160000124248,0,1,health_rollback,1,diamond4,36,1
0,0.9,0.9629629629629629,1.0,,campaign-19,OpenTelemetry Logs,duplicate,1,1,record-layout-recode,36,0.0,319.05879999976605,1,0,certified,1,diamond4,36,0
1,0.9,0.8888888888888888,0.8823529411764706,,campaign-19,OpenTelemetry Logs,duplicate,1,1,record-layout-recode,36,0.0,130.87029999587685,1,0,stop_the_world,1,diamond4,36,0
6,0.4,0.7777777777777778,1.0,,campaign-19,OpenTelemetry Logs,duplicate,1,1,record-layout-recode,36,0.0,153.35789999517146,1,1,naive_rolling,1,diamond4,36,1
0,1.0,1.0,1.0,,campaign-19,OpenTelemetry Logs,duplicate,1,1,record-layout-recode,36,0.0,133.84620000579162,1,1,schema_only,1,diamond4,36,1
0,1.0,1.0,1.0,,campaign-19,OpenTelemetry Logs,duplicate,0,1,record-layout-recode,36,0.0,197.03280000248924,1,1,version_negotiation,1,diamond4,36,1
6,0.4,0.7777777777777778,1.0,,campaign-19,OpenTelemetry Logs,duplicate,1,1,record-layout-recode,36,0.0,180.22840000048745,1,1,health_rollback,1,diamond4,36,1
0,0.9,0.9629629629629629,1.0,,campaign-20,Envoy Rate Limit,none,1,1,quota-state-recode,36,0.0,462.5783000010415,1,0,certified,1,fanout4,36,0
1,0.9,0.8888888888888888,0.8823529411764706,,campaign-20,Envoy Rate Limit,none,1,1,quota-state-recode,36,0.0,100.41620000265539,1,0,stop_the_world,1,fanout4,36,0
6,0.4,0.7777777777777778,1.0,,campaign-20,Envoy Rate Limit,none,1,1,quota-state-recode,36,0.0,144.20939999399707,1,1,naive_rolling,1,fanout4,36,1
0,1.0,1.0,1.0,,campaign-20,Envoy Rate Limit,none,1,1,quota-state-recode,36,0.0,169.1867000045022,1,1,schema_only,1,fanout4,36,1
0,1.0,1.0,1.0,,campaign-20,Envoy Rate Limit,none,0,1,quota-state-recode,36,0.0,211.41229999921052,1,1,version_negotiation,1,fanout4,36,1
6,0.4,0.7777777777777778,1.0,,campaign-20,Envoy Rate Limit,none,1,1,quota-state-recode,36,0.0,132.59909999760566,1,1,health_rollback,1,fanout4,36,1
0,1.0,1.0,1.0,model-witness,campaign-21,gRPC Health,crash,0,0,watch-response-break,36,0.0,71.85179999942193,0,0,certified,0,fanout4,36,0
0,1.0,1.0,1.0,baseline-projection,campaign-21,gRPC Health,crash,0,0,watch-response-break,36,0.0,171.39830000087386,0,0,stop_the_world,0,fanout4,36,0
6,0.4,0.7777777777777778,1.0,,campaign-21,gRPC Health,crash,1,0,watch-response-break,36,0.0013000026228837669,153.87360000022454,0,1,naive_rolling,1,fanout4,36,1
0,1.0,1.0,1.0,baseline-projection,campaign-21,gRPC Health,crash,0,0,watch-response-break,36,0.0,274.28089999739313,0,0,schema_only,0,fanout4,36,0
0,1.0,1.0,1.0,baseline-projection,campaign-21,gRPC Health,crash,0,0,watch-response-break,36,0.0,115.3816999940318,0,0,version_negotiation,0,fanout4,36,0
6,0.9,0.9629629629629629,1.0,,campaign-21,gRPC Health,crash,0,0,watch-response-break,36,2.204099997470621,153.07980000216048,0,0,health_rollback,1,fanout4,36,0
0,0.9,0.9629629629629629,1.0,,campaign-22,etcd Lease,delay,1,1,renewal-session-bridge,36,0.0,376.984700000321,1,0,certified,1,fanout4,36,0
1,0.9,0.8888888888888888,0.8823529411764706,,campaign-22,etcd Lease,delay,1,1,renewal-session-bridge,36,0.0,341.97160000621807,1,0,stop_the_world,1,fanout4,36,0
6,0.4,0.7777777777777778,1.0,,campaign-22,etcd Lease,delay,1,1,renewal-session-bridge,37,0.0,389.0199000015855,1,1,naive_rolling,1,fanout4,36,1
0,1.0,1.0,1.0,,campaign-22,etcd Lease,delay,1,1,renewal-session-bridge,36,0.0,139.55520000308752,1,1,schema_only,1,fanout4,36,1
0,1.0,1.0,1.0,,campaign-22,etcd Lease,delay,0,1,renewal-session-bridge,36,0.0,205.91170000261627,1,1,version_negotiation,1,fanout4,36,1
6,0.4,0.7777777777777778,1.0,,campaign-22,etcd Lease,delay,1,1,renewal-session-bridge,37,0.0,480.67080000328133,1,1,health_rollback,1,fanout4,36,1
0,0.9,0.9629629629629629,1.0,,campaign-23,Google Pub/Sub,reorder,1,1,message-attributes-additive,36,0.0,413.18129999854136,1,0,certified,1,fanout4,36,0
1,0.9,0.8888888888888888,0.8823529411764706,,campaign-23,Google Pub/Sub,reorder,1,1,message-attributes-additive,36,0.0,182.3621000003186,1,0,stop_the_world,1,fanout4,36,0
6,0.4,0.7777777777777778,1.0,,campaign-23,Google Pub/Sub,reorder,1,1,message-attributes-additive,36,0.0,195.73500000115018,1,1,naive_rolling,1,fanout4,36,1
0,1.0,1.0,1.0,,campaign-23,Google Pub/Sub,reorder,1,1,message-attributes-additive,36,0.0,146.741500000644,1,1,schema_only,1,fanout4,36,1
0,1.0,1.0,1.0,,campaign-23,Google Pub/Sub,reorder,0,1,message-attributes-additive,36,0.0,182.40119999973103,1,1,version_negotiation,1,fanout4,36,1
6,0.4,0.7777777777777778,1.0,,campaign-23,Google Pub/Sub,reorder,1,1,message-attributes-additive,36,0.0,223.41369999776362,1,1,health_rollback,1,fanout4,36,1
0,1.0,1.0,1.0,model-witness,campaign-24,Kubernetes Lease,stale_route,0,0,partial-holder-migration,36,0.0,230.09389999788254,0,0,certified,0,fanout4,36,0
0,1.0,1.0,1.0,baseline-projection,campaign-24,Kubernetes Lease,stale_route,0,0,partial-holder-migration,36,0.0,134.4401000023936,0,0,stop_the_world,0,fanout4,36,0
6,0.5,0.8148148148148148,1.0,,campaign-24,Kubernetes Lease,stale_route,1,0,partial-holder-migration,36,0.0,141.71750000241445,0,1,naive_rolling,1,fanout4,36,1
0,1.0,1.0,1.0,,campaign-24,Kubernetes Lease,stale_route,1,0,partial-holder-migration,36,0.0,150.75179999985266,0,2,schema_only,1,fanout4,36,1
0,0.9,0.9629629629629629,1.0,,campaign-24,Kubernetes Lease,stale_route,0,0,partial-holder-migration,36,0.0,341.63529999932507,0,1,version_negotiation,1,fanout4,36,1
6,0.5,0.8148148148148148,1.0,,campaign-24,Kubernetes Lease,stale_route,1,0,partial-holder-migration,36,0.0,170.6216000020504,0,1,health_rollback,1,fanout4,36,1
0,1.0,1.0,1.0,missing-adapter,campaign-25,gRPC Route Guide,missing_adapter,0,1,point-metadata-additive,36,0.0,161.27949999645352,0,0,certified,0,fanout4,36,0
1,0.9,0.8888888888888888,0.8823529411764706,,campaign-25,gRPC Route Guide,missing_adapter,1,1,point-metadata-additive,36,0.0,154.76679999846965,0,0,stop_the_world,1,fanout4,36,0
6,0.4,0.7777777777777778,1.0,,campaign-25,gRPC Route Guide,missing_adapter,1,1,point-metadata-additive,36,0.0,154.51839999877848,0,1,naive_rolling,1,fanout4,36,1
0,1.0,1.0,1.0,,campaign-25,gRPC Route Guide,missing_adapter,1,1,point-metadata-additive,36,0.0,186.4830999984406,0,1,schema_only,1,fanout4,36,1
0,1.0,1.0,1.0,,campaign-25,gRPC Route Guide,missing_adapter,0,1,point-metadata-additive,36,0.0,144.0292999977828,0,1,version_negotiation,1,fanout4,36,1
6,0.4,0.7777777777777778,1.0,,campaign-25,gRPC Route Guide,missing_adapter,1,1,point-metadata-additive,36,0.0,214.5553000009386,0,1,health_rollback,1,fanout4,36,1
0,1.0,1.0,1.0,authorization-mismatch,campaign-26,Envoy Rate Limit,authorization_mismatch,0,1,quota-state-recode,36,0.0,127.39960000180872,0,0,certified,0,fanout4,36,0
1,0.9,0.8888888888888888,0.8823529411764706,,campaign-26,Envoy Rate Limit,authorization_mismatch,1,1,quota-state-recode,36,0.0,146.1708999995608,0,0,stop_the_world,1,fanout4,36,0
6,0.4,0.7777777777777778,1.0,,campaign-26,Envoy Rate Limit,authorization_mismatch,1,1,quota-state-recode,36,0.0,164.07149999577086,0,1,naive_rolling,1,fanout4,36,1
0,1.0,1.0,1.0,,campaign-26,Envoy Rate Limit,authorization_mismatch,1,1,quota-state-recode,36,0.0,174.6294999975362,0,1,schema_only,1,fanout4,36,1
0,1.0,1.0,1.0,,campaign-26,Envoy Rate Limit,authorization_mismatch,0,1,quota-state-recode,36,0.0,122.53019999479875,0,1,version_negotiation,1,fanout4,36,1
6,0.4,0.7777777777777778,1.0,,campaign-26,Envoy Rate Limit,authorization_mismatch,1,1,quota-state-recode,36,0.0,75.06080000166548,0,1,health_rollback,1,fanout4,36,1
0,0.9,0.9629629629629629,1.0,migration-cardinality,campaign-27,etcd Lease,partial_migration,0,1,renewal-session-bridge,36,0.0,112.72730000200681,0,0,certified,0,fanout4,36,0
1,0.9,0.8888888888888888,0.8823529411764706,,campaign-27,etcd Lease,partial_migration,1,1,renewal-session-bridge,36,0.0,95.30120000272291,0,0,stop_the_world,1,fanout4,36,0
6,0.4,0.7777777777777778,1.0,,campaign-27,etcd Lease,partial_migration,1,1,renewal-session-bridge,36,0.0,208.5224999973434,0,1,naive_rolling,1,fanout4,36,1
0,1.0,1.0,1.0,,campaign-27,etcd Lease,partial_migration,1,1,renewal-session-bridge,36,0.0,131.339300001855,0,1,schema_only,1,fanout4,36,1
0,1.0,1.0,1.0,,campaign-27,etcd Lease,partial_migration,0,1,renewal-session-bridge,36,0.0,196.6069999980391,0,1,version_negotiation,1,fanout4,36,1
6,0.4,0.7777777777777778,1.0,,campaign-27,etcd Lease,partial_migration,1,1,renewal-session-bridge,36,0.0,106.54810000414727,0,1,health_rollback,1,fanout4,36,1
0,1.0,1.0,1.0,certificate-rejected,campaign-28,Google Pub/Sub,corrupt_certificate,0,1,message-attributes-additive,36,0.0,107.98570000042673,0,0,certified,0,fanout4,36,0
1,0.9,0.8888888888888888,0.8823529411764706,,campaign-28,Google Pub/Sub,corrupt_certificate,1,1,message-attributes-additive,36,0.0,219.75150000071153,0,0,stop_the_world,1,fanout4,36,0
6,0.4,0.7777777777777778,1.0,,campaign-28,Google Pub/Sub,corrupt_certificate,1,1,message-attributes-additive,36,0.0,161.89760000270326,0,1,naive_rolling,1,fanout4,36,1
0,1.0,1.0,1.0,,campaign-28,Google Pub/Sub,corrupt_certificate,1,1,message-attributes-additive,36,0.0,156.25550000549993,0,1,schema_only,1,fanout4,36,1
0,1.0,1.0,1.0,,campaign-28,Google Pub/Sub,corrupt_certificate,0,1,message-attributes-additive,36,0.0,285.52530000160914,0,1,version_negotiation,1,fanout4,36,1
6,0.4,0.7777777777777778,1.0,,campaign-28,Google Pub/Sub,corrupt_certificate,1,1,message-attributes-additive,36,0.0,182.5438000014401,0,1,health_rollback,1,fanout4,36,1
0,0.9,0.9629629629629629,1.0,,campaign-29,gRPC Route Guide,duplicate,1,1,point-metadata-additive,36,0.0,247.47589999606134,1,0,certified,1,fanout4,36,0
1,0.9,0.8888888888888888,0.8823529411764706,,campaign-29,gRPC Route Guide,duplicate,1,1,point-metadata-additive,36,0.0,164.99849999672733,1,0,stop_the_world,1,fanout4,36,0
6,0.4,0.7777777777777778,1.0,,campaign-29,gRPC Route Guide,duplicate,1,1,point-metadata-additive,36,0.0,233.63899999822024,1,1,naive_rolling,1,fanout4,36,1
0,1.0,1.0,1.0,,campaign-29,gRPC Route Guide,duplicate,1,1,point-metadata-additive,36,0.0,175.29380000632955,1,1,schema_only,1,fanout4,36,1
0,1.0,1.0,1.0,,campaign-29,gRPC Route Guide,duplicate,0,1,point-metadata-additive,36,0.0,162.6719999985653,1,1,version_negotiation,1,fanout4,36,1
6,0.4,0.7777777777777778,1.0,,campaign-29,gRPC Route Guide,duplicate,1,1,point-metadata-additive,36,0.0,129.47110000095563,1,1,health_rollback,1,fanout4,36,1
0,0.9,0.9629629629629629,1.0,,campaign-30,etcd KV,none,1,1,revision-state-recode,36,0.0,489.4112999973004,1,0,certified,1,cycle5,36,0
1,0.9,0.8888888888888888,0.8823529411764706,,campaign-30,etcd KV,none,1,1,revision-state-recode,36,0.0,194.884100004856,1,0,stop_the_world,1,cycle5,36,0
5,0.5,0.7777777777777778,0.9411764705882353,,campaign-30,etcd KV,none,1,1,revision-state-recode,36,0.0,173.770000001241,1,1,naive_rolling,1,cycle5,36,1
0,1.0,1.0,1.0,,campaign-30,etcd KV,none,1,1,revision-state-recode,36,0.0,251.95829999574926,1,1,schema_only,1,cycle5,36,1
0,1.0,1.0,1.0,,campaign-30,etcd KV,none,0,1,revision-state-recode,36,0.0,242.7105999959167,1,1,version_negotiation,1,cycle5,36,1
5,0.5,0.7777777777777778,0.9411764705882353,,campaign-30,etcd KV,none,1,1,revision-state-recode,36,0.0,153.7302000069758,1,1,health_rollback,1,cycle5,36,1
0,0.9,0.9629629629629629,1.0,,campaign-31,Google Pub/Sub,crash,1,1,ack-session-bridge,36,227.94620000058785,681.6382000033627,1,0,certified,1,cycle5,36,0
2,0.7,0.7407407407407407,0.7647058823529411,,campaign-31,Google Pub/Sub,crash,1,1,ack-session-bridge,36,0.0010000003385357559,159.64350000285776,1,0,stop_the_world,1,cycle5,36,0
5,0.5,0.6666666666666666,0.7647058823529411,,campaign-31,Google Pub/Sub,crash,1,1,ack-session-bridge,36,0.0008999995770864189,152.9402999949525,1,1,naive_rolling,1,cycle5,36,1
1,0.9,0.8518518518518519,0.8235294117647058,,campaign-31,Google Pub/Sub,crash,1,1,ack-session-bridge,36,0.0007999988156370819,138.3810999977868,1,1,schema_only,1,cycle5,36,1
0,1.0,0.8888888888888888,0.8235294117647058,,campaign-31,Google Pub/Sub,crash,0,1,ack-session-bridge,36,0.0010999938240274787,173.72009999962756,1,1,version_negotiation,1,cycle5,36,1
4,0.5,0.6666666666666666,0.7647058823529411,,campaign-31,Google Pub/Sub,crash,0,1,ack-session-bridge,36,1.8026999969151802,172.60410000017146,1,0,health_rollback,1,cycle5,36,0
0,1.0,1.0,1.0,model-witness,campaign-32,etcd Lease,delay,0,0,revoke-replay-break,36,0.0,140.56120000168448,0,0,certified,0,cycle5,36,0
0,1.0,1.0,1.0,baseline-projection,campaign-32,etcd Lease,delay,0,0,revoke-replay-break,36,0.0,115.82309999357676,0,0,stop_the_world,0,cycle5,36,0
5,0.5,0.7777777777777778,0.9411764705882353,,campaign-32,etcd Lease,delay,1,0,revoke-replay-break,37,0.0,520.2483999964898,0,1,naive_rolling,1,cycle5,36,1
0,1.0,1.0,1.0,,campaign-32,etcd Lease,delay,1,0,revoke-replay-break,36,0.0,234.11340000166092,0,1,schema_only,1,cycle5,36,1
0,1.0,1.0,1.0,,campaign-32,etcd Lease,delay,0,0,revoke-replay-break,36,0.0,281.8009999973583,0,1,version_negotiation,1,cycle5,36,1
5,0.5,0.7777777777777778,0.9411764705882353,,campaign-32,etcd Lease,delay,1,0,revoke-replay-break,37,0.0,497.3173999969731,0,1,health_rollback,1,cycle5,36,1
0,0.9,0.9629629629629629,1.0,,campaign-33,gRPC Route Guide,reorder,1,1,stream-phase-bridge,36,0.0,493.43210000370163,1,0,certified,1,cycle5,36,0
1,0.9,0.8888888888888888,0.8823529411764706,,campaign-33,gRPC Route Guide,reorder,1,1,stream-phase-bridge,36,0.0,266.89040000201203,1,0,stop_the_world,1,cycle5,36,0
5,0.5,0.7777777777777778,0.9411764705882353,,campaign-33,gRPC Route Guide,reorder,1,1,stream-phase-bridge,36,0.0,225.14989999763202,1,1,naive_rolling,1,cycle5,36,1
0,1.0,1.0,1.0,,campaign-33,gRPC Route Guide,reorder,1,1,stream-phase-bridge,36,0.0,139.85780000075465,1,1,schema_only,1,cycle5,36,1
0,1.0,1.0,1.0,,campaign-33,gRPC Route Guide,reorder,0,1,stream-phase-bridge,36,0.0,301.33469999418594,1,1,version_negotiation,1,cycle5,36,1
5,0.5,0.7777777777777778,0.9411764705882353,,campaign-33,gRPC Route Guide,reorder,1,1,stream-phase-bridge,36,0.0,276.9893000004231,1,1,health_rollback,1,cycle5,36,1
0,0.9,0.9629629629629629,1.0,,campaign-34,OpenTelemetry Logs,stale_route,1,1,attributes-additive,36,0.0,516.0746000037761,1,0,certified,1,cycle5,36,0
1,0.9,0.8888888888888888,0.8823529411764706,,campaign-34,OpenTelemetry Logs,stale_route,1,1,attributes-additive,36,0.0,322.6844999953755,1,0,stop_the_world,1,cycle5,36,0
5,0.6,0.8148148148148148,0.9411764705882353,,campaign-34,OpenTelemetry Logs,stale_route,1,1,attributes-additive,36,0.0,92.55700000358047,1,1,naive_rolling,1,cycle5,36,1
0,1.0,1.0,1.0,,campaign-34,OpenTelemetry Logs,stale_route,1,1,attributes-additive,36,0.0,301.83199999737553,1,1,schema_only,1,cycle5,36,1
0,0.9,0.9629629629629629,1.0,,campaign-34,OpenTelemetry Logs,stale_route,0,1,attributes-additive,36,0.0,172.81499999808148,1,1,version_negotiation,1,cycle5,36,1
5,0.6,0.8148148148148148,0.9411764705882353,,campaign-34,OpenTelemetry Logs,stale_route,1,1,attributes-additive,36,0.0,149.20140000322135,1,1,health_rollback,1,cycle5,36,1
0,1.0,1.0,1.0,missing-adapter,campaign-35,etcd KV,missing_adapter,0,1,revision-state-recode,36,0.0,96.02569999697153,0,0,certified,0,cycle5,36,0
2,0.8,0.8518518518518519,0.8823529411764706,,campaign-35,etcd KV,missing_adapter,1,1,revision-state-recode,36,0.0,176.76699999719858,0,0,stop_the_world,1,cycle5,36,0
5,0.5,0.7777777777777778,0.9411764705882353,,campaign-35,etcd KV,missing_adapter,1,1,revision-state-recode,36,0.0,153.184799994051,0,1,naive_rolling,1,cycle5,36,1
1,0.9,0.9629629629629629,1.0,,campaign-35,etcd KV,missing_adapter,1,1,revision-state-recode,36,0.0,233.77170000458136,0,1,schema_only,1,cycle5,36,1
0,1.0,1.0,1.0,,campaign-35,etcd KV,missing_adapter,0,1,revision-state-recode,36,0.0,230.92629999882774,0,1,version_negotiation,1,cycle5,36,1
5,0.5,0.7777777777777778,0.9411764705882353,,campaign-35,etcd KV,missing_adapter,1,1,revision-state-recode,36,0.0,156.23649999906775,0,1,health_rollback,1,cycle5,36,1
0,1.0,1.0,1.0,authorization-mismatch,campaign-36,Google Pub/Sub,authorization_mismatch,0,1,ack-session-bridge,36,0.0,57.10009999893373,0,0,certified,0,cycle5,36,0
2,0.9,0.8888888888888888,0.8823529411764706,,campaign-36,Google Pub/Sub,authorization_mismatch,1,1,ack-session-bridge,36,0.0,130.99620000139112,0,1,stop_the_world,1,cycle5,36,1
5,0.5,0.7777777777777778,0.9411764705882353,,campaign-36,Google Pub/Sub,authorization_mismatch,1,1,ack-session-bridge,36,0.0,177.1980999983498,0,1,naive_rolling,1,cycle5,36,1
1,1.0,1.0,1.0,,campaign-36,Google Pub/Sub,authorization_mismatch,1,1,ack-session-bridge,36,0.0,215.09750000404892,0,2,schema_only,1,cycle5,36,1
0,1.0,1.0,1.0,,campaign-36,Google Pub/Sub,authorization_mismatch,0,1,ack-session-bridge,36,0.0,167.46559999592137,0,1,version_negotiation,1,cycle5,36,1
5,0.5,0.7777777777777778,0.9411764705882353,,campaign-36,Google Pub/Sub,authorization_mismatch,1,1,ack-session-bridge,36,0.0,214.02320000197506,0,1,health_rollback,1,cycle5,36,1
0,0.9,0.9629629629629629,1.0,migration-cardinality,campaign-37,gRPC Route Guide,partial_migration,0,1,stream-phase-bridge,36,0.0,64.07339999714168,0,0,certified,0,cycle5,36,0
1,0.9,0.8888888888888888,0.8823529411764706,,campaign-37,gRPC Route Guide,partial_migration,1,1,stream-phase-bridge,36,0.0,183.90530000033323,0,1,stop_the_world,1,cycle5,36,1
5,0.5,0.7777777777777778,0.9411764705882353,,campaign-37,gRPC Route Guide,partial_migration,1,1,stream-phase-bridge,36,0.0,177.51270000007935,0,1,naive_rolling,1,cycle5,36,1
0,1.0,1.0,1.0,,campaign-37,gRPC Route Guide,partial_migration,1,1,stream-phase-bridge,36,0.0,152.66590000101132,0,2,schema_only,1,cycle5,36,1
0,1.0,1.0,1.0,,campaign-37,gRPC Route Guide,partial_migration,0,1,stream-phase-bridge,36,0.0,194.83320000290405,0,1,version_negotiation,1,cycle5,36,1
5,0.5,0.7777777777777778,0.9411764705882353,,campaign-37,gRPC Route Guide,partial_migration,1,1,stream-phase-bridge,36,0.0,210.09110000159126,0,1,health_rollback,1,cycle5,36,1
0,1.0,1.0,1.0,certificate-rejected,campaign-38,OpenTelemetry Logs,corrupt_certificate,0,1,attributes-additive,36,0.0,135.1269000006141,0,0,certified,0,cycle5,36,0
1,0.9,0.8888888888888888,0.8823529411764706,,campaign-38,OpenTelemetry Logs,corrupt_certificate,1,1,attributes-additive,36,0.0,199.409699998796,0,0,stop_the_world,1,cycle5,36,0
5,0.5,0.7777777777777778,0.9411764705882353,,campaign-38,OpenTelemetry Logs,corrupt_certificate,1,1,attributes-additive,36,0.0,182.31360000208952,0,1,naive_rolling,1,cycle5,36,1
0,1.0,1.0,1.0,,campaign-38,OpenTelemetry Logs,corrupt_certificate,1,1,attributes-additive,36,0.0,221.30000000470318,0,1,schema_only,1,cycle5,36,1
0,1.0,1.0,1.0,,campaign-38,OpenTelemetry Logs,corrupt_certificate,0,1,attributes-additive,36,0.0,184.43899999692803,0,1,version_negotiation,1,cycle5,36,1
5,0.5,0.7777777777777778,0.9411764705882353,,campaign-38,OpenTelemetry Logs,corrupt_certificate,1,1,attributes-additive,36,0.0,137.33940000383882,0,1,health_rollback,1,cycle5,36,1
0,1.0,1.0,1.0,model-witness,campaign-39,OpenTelemetry Logs,duplicate,0,0,collector-order-cycle,36,0.0,117.00199999904726,0,0,certified,0,cycle5,36,0
1,0.9,0.8888888888888888,0.8823529411764706,,campaign-39,OpenTelemetry Logs,duplicate,1,0,collector-order-cycle,36,0.0,176.0525999998208,0,0,stop_the_world,1,cycle5,36,0
6,0.4,0.7407407407407407,0.9411764705882353,,campaign-39,OpenTelemetry Logs,duplicate,1,0,collector-order-cycle,36,0.0,220.7565999997314,0,1,naive_rolling,1,cycle5,36,1
1,0.9,0.9629629629629629,1.0,,campaign-39,OpenTelemetry Logs,duplicate,1,0,collector-order-cycle,36,0.0,136.6771000029985,0,1,schema_only,1,cycle5,36,1
0,1.0,1.0,1.0,baseline-projection,campaign-39,OpenTelemetry Logs,duplicate,0,0,collector-order-cycle,36,0.0,198.77679999626707,0,0,version_negotiation,0,cycle5,36,0
6,0.4,0.7407407407407407,0.9411764705882353,,campaign-39,OpenTelemetry Logs,duplicate,1,0,collector-order-cycle,36,0.0,81.67879999382421,0,1,health_rollback,1,cycle5,36,1
